Title,Date
"Spiderhead","6/20/22"
"Bill Burr Presents: Friends Who Kill","6/19/22"
"Interceptor","6/19/22"
"The Pentaverate: Episode 1","6/13/22"
"Stranger Things: Stranger Things 4: Chapter Seven: The Massacre at Hawkins Lab","6/1/22"
"Stranger Things: Stranger Things 4: Chapter Six: The Dive","5/31/22"
"Stranger Things: Stranger Things 4: Chapter Five: The Nina Project","5/31/22"
"Stranger Things: Stranger Things 4: Chapter Four: Dear Billy","5/31/22"
"Stranger Things: Stranger Things 4: Chapter Three: The Monster and the Superhero","5/31/22"
"Stranger Things: Stranger Things 4: Chapter Two: Vecna's Curse","5/31/22"
"Stranger Things: Stranger Things 4: Chapter One: The Hellfire Club","5/31/22"
"Stargate SG-1: Season 1: The Broca Divide","4/27/22"
"Stargate SG-1: Season 1: Emancipation","4/27/22"
"Stargate SG-1: Season 1: The Enemy Within","4/27/22"
"Yakamoz S-245: Episode 5","4/24/22"
"Yakamoz S-245: Episode 4","4/24/22"
"Yakamoz S-245: Episode 3","4/24/22"
"Yakamoz S-245: Episode 2","4/24/22"
"Yakamoz S-245: Episode 1","4/24/22"
"The Bubble","4/4/22"
"Human Resources: Birth","3/31/22"
"The Adam Project","3/16/22"
"Blackhat","2/27/22"
"Ms. Pat: Y'all Wanna Hear Something Crazy?","2/25/22"
"Fistful of Vengeance","2/23/22"
"Space Force: Season 2: THE HACK","2/23/22"
"Space Force: Season 2: THE DOCTOR'S APPOINTMENT","2/23/22"
"Space Force: Season 2: MAD (BUFF) CONFIDENCE","2/18/22"
"Space Force: Season 2: THE EUROPA PROJECT","2/18/22"
"Space Force: Season 2: THE CHINESE DELEGATION","2/18/22"
"Space Force: Season 2: BUDGET CUTS","2/18/22"
"Space Force: Season 2: THE INQUIRY","2/18/22"
"Bigbug","2/17/22"
"Aziz Ansari: Nightclub Comedian","2/16/22"
"Community: Season 6: Emotional Consequences of Broadcast Television","2/16/22"
"Bill Burr: Paper Tiger","2/16/22"
"Community: Season 6: Wedding Videography","2/16/22"
"Community: Season 6: Modern Espionage","2/15/22"
"Community: Season 6: Basic RV Repair & Palmistry","2/15/22"
"Community: Season 6: Grifting 101","2/15/22"
"Community: Season 6: Intro To Recycled Cinema","2/14/22"
"Community: Season 6: Advanced Safety Feature","2/13/22"
"Community: Season 6: Basic Email Security","2/12/22"
"Community: Season 6: Laws Of Robotics & Party Rights","2/12/22"
"Community: Season 6: Queer Studies & Advanced Waxing","2/11/22"
"Community: Season 6: Basic Crisis Room Decorum","2/11/22"
"Community: Season 6: Lawnmower Maintenance & Postnatal Care","2/11/22"
"Community: Season 6: Ladders","2/11/22"
"Community: Season 5: Basic Sandwich","2/11/22"
"Community: Season 5: Basic Story","2/10/22"
"Community: Season 5: G.I. Jeff","2/10/22"
"Community: Season 5: Advanced Advanced Dungeons & Dragons","2/10/22"
"Community: Season 5: VCR Maintenance and Educational Publishing","2/10/22"
"Community: Season 5: App Development and Condiments","2/10/22"
"Community: Season 5: Bondage and Beta Male Sexuality","2/10/22"
"Community: Season 5: Analysis of Cork-Based Networking","2/10/22"
"Community: Season 5: Geothermal Escapism","2/9/22"
"Community: Season 5: Cooperative Polygraphy","2/9/22"
"Community: Season 5: Basic Intergluteal Numismatics","2/9/22"
"Community: Season 5: Introduction to Teaching","2/9/22"
"Community: Season 5: Repilot","2/8/22"
"Community: Season 4: Advanced Introduction to Finality","2/8/22"
"Community: Season 4: Heroic Origins","2/8/22"
"Community: Season 4: Basic Human Anatomy","2/8/22"
"Community: Season 4: Intro to Knots","2/8/22"
"Community: Season 4: Intro to Felt Surrogacy","2/7/22"
"Community: Season 4: Herstory of Dance","2/7/22"
"Community: Season 4: Economics of Marine Biology","2/7/22"
"Community: Season 4: Advanced Documentary Filmmaking","2/7/22"
"Community: Season 4: Cooperative Escapism in Familial Relations","2/7/22"
"Community: Season 4: Alternative History of the German Invasion","2/7/22"
"Community: Season 4: Conventions of Space and Time","2/6/22"
"Community: Season 4: Paranormal Parentage","2/6/22"
"Community: Season 4: History 101","2/6/22"
"Community: Season 3: Introduction to Finality","2/6/22"
"Community: Season 3: The First Chang Dynasty","2/6/22"
"Community: Season 3: Digital Estate Planning","2/4/22"
"Community: Season 3: Curriculum Unavailable","2/3/22"
"Community: Season 3: Course Listing Unavailable","2/3/22"
"Community: Season 3: Basic Lupine Urology","2/3/22"
"Community: Season 3: Virtual Systems Analysis","2/3/22"
"Community: Season 3: Origins of Vampire Mythology","2/3/22"
"Community: Season 3: Pillows and Blankets","2/3/22"
"Murderville: The Magician’s Assistant","2/3/22"
"Community: Season 3: Digital Exploration of Interior Design","2/2/22"
"Community: Season 3: Contemporary Impressionists","2/2/22"
"Community: Season 3: Urban Matrimony and the Sandwich Arts","2/2/22"
"Community: Season 3: Regional Holiday Music","2/2/22"
"Community: Season 3: Foosball and Nocturnal Vigilantism","2/2/22"
"Community: Season 3: Documentary Filmmaking: Redux","2/2/22"
"Community: Season 3: Studies in Modern Movement","2/1/22"
"Community: Season 3: Advanced Gay","2/1/22"
"Community: Season 3: Horror Fiction in Seven Spooky Steps","2/1/22"
"Community: Season 3: Remedial Chaos Theory","2/1/22"
"Community: Season 3: Competitive Ecology","2/1/22"
"Community: Season 3: Geography of Global Conflict","2/1/22"
"Community: Season 3: Biology 101","2/1/22"
"Community: Season 2: For a Few Paintballs More","1/31/22"
"Community: Season 2: A Fist Full of Paintballs","1/31/22"
"Community: Season 2: Applied Anthropology and Culinary Arts","1/31/22"
"Community: Season 2: Paradigms of Human Memory","1/31/22"
"Community: Season 2: Competitive Wine Tasting","1/31/22"
"Community: Season 2: Critical Film Studies","1/31/22"
"Community: Season 2: Custody Law and Eastern European Diplomacy","1/31/22"
"Community: Season 2: Intro to Political Science","1/30/22"
"Community: Season 2: Intermediate Documentary Filmmaking","1/30/22"
"Community: Season 2: Early 21st Century Romanticism","1/30/22"
"Community: Season 2: Celebrity Pharmacology","1/28/22"
"Community: Season 2: Asian Population Studies","1/28/22"
"Community: Season 2: Abed's Uncontrollable Christmas","1/28/22"
"Community: Season 2: Mixology Certification","1/28/22"
"Community: Season 2: Conspiracy Theories and Interior Design","1/28/22"
"Community: Season 2: Cooperative Calligraphy","1/28/22"
"Community: Season 2: Aerodynamics of Gender","1/28/22"
"Community: Season 2: Epidemiology","1/27/22"
"Community: Season 2: Messianic Myths and Ancient Peoples","1/27/22"
"Community: Season 2: Basic Rocket Science","1/27/22"
"Community: Season 2: The Psychology of Letting Go","1/26/22"
"Community: Season 2: Accounting for Lawyers","1/26/22"
"Community: Season 2: Anthropology 101","1/26/22"
"Community: Season 1: Pascal's Triangle Revisited","1/26/22"
"Community: Season 1: English as a Second Language","1/26/22"
"Community: Season 1: Modern Warfare","1/26/22"
"Community: Season 1: The Art of Discourse","1/25/22"
"Community: Season 1: Contemporary American Poultry","1/25/22"
"Community: Season 1: The Science of Illusion","1/25/22"
"Community: Season 1: Beginner Pottery","1/25/22"
"Community: Season 1: Basic Genealogy","1/25/22"
"Community: Season 1: Physical Education","1/24/22"
"Community: Season 1: Communication Studies","1/24/22"
"Community: Season 1: Romantic Expressionism","1/24/22"
"Community: Season 1: Interpretive Dance","1/24/22"
"Community: Season 1: Investigative Journalism","1/24/22"
"Community: Season 1: Comparative Religion","1/23/22"
"Community: Season 1: The Politics of Human Sexuality","1/23/22"
"Community: Season 1: Environmental Science","1/23/22"
"Community: Season 1: Debate 109","1/23/22"
"Community: Season 1: Home Economics","1/23/22"
"Community: Season 1: Introduction to Statistics","1/23/22"
"Community: Season 1: Football, Feminism and You","1/22/22"
"Community: Season 1: Advanced Criminal Law","1/22/22"
"Community: Season 1: Social Psychology","1/21/22"
"Community: Season 1: Introduction to Film","1/21/22"
"Community: Season 1: Spanish 101","1/21/22"
"Community: Season 1: Community","1/20/22"
"Journey 2: The Mysterious Island","1/10/22"
"The Witcher: Season 2: Family","1/1/22"
"The Witcher: Season 2: Voleth Meir","1/1/22"
"The Witcher: Season 2: Dear Friend...","1/1/22"
"The Witcher: Season 2: Turn Your Back","1/1/22"
"The Witcher: Season 2: Redanian Intelligence","1/1/22"
"The Witcher: Season 2: What Is Lost","1/1/22"
"The Witcher: Season 2: Kaer Morhen","1/1/22"
"The Witcher: Season 2: A Grain of Truth","1/1/22"
"The Witcher: Season 1: Much More","1/1/22"
"The Witcher: Season 1: Before a Fall","1/1/22"
"The Witcher: Season 1: Rare Species","1/1/22"
"The Witcher: Season 1: Bottled Appetites","1/1/22"
"The Witcher: Season 1: Of Banquets, Bastards and Burials","1/1/22"
"The Witcher: Season 1: Betrayer Moon","1/1/22"
"The Witcher: Season 1: Four Marks","1/1/22"
"The Witcher: Season 1: The End’s Beginning","1/1/22"
"The Standups: Season 3: Mark Normand","12/30/21"
"The Standups: Season 3: Naomi Ekperigin","12/30/21"
"The Standups: Season 3: Brian Simpson","12/30/21"
"The Standups: Season 1: Nate Bargatze","12/29/21"
"Don't Look Up","12/25/21"
"Army of Thieves","12/19/21"
"Night Teeth","12/18/21"
"The Shack","12/14/21"
"Lost in Space: Season 3: Three Little Birds","12/6/21"
"Big Mouth: Season 4: The Hugest Period Ever","11/29/21"
"Big Mouth: Season 4: The New Me","11/29/21"
"Bruised","11/26/21"
"Red Notice","11/22/21"
"The Harder They Fall","11/20/21"
"Inside Job: Unpresidented","11/3/21"
"Another Life: Season 2: Live to Fight Another Day","11/1/21"
"Dave Chappelle: The Closer","10/11/21"
"Squid Game: Season 1: A Fair World","10/8/21"
"Squid Game: Season 1: Stick to the Team","10/7/21"
"Squid Game: Season 1: The Man with the Umbrella","10/7/21"
"Squid Game: Season 1: Hell","10/3/21"
"Squid Game: Season 1: Red Light, Green Light","10/3/21"
"Girls from Ipanema: Season 1: Consequences","10/3/21"
"Girls from Ipanema: Season 1: The Dreamers","10/3/21"
"Girls from Ipanema: Season 1: Waters of August","10/3/21"
"Kate","10/1/21"
"Girls from Ipanema: Season 1: Girls Are Not Welcome","9/26/21"
"Girls from Ipanema: Season 1: Welcome to Rio","9/26/21"
"3022","8/15/21"
"Project Power","8/11/21"
"The Vault","8/2/21"
"Paradise PD: Part 3: Fallout","7/27/21"
"Jupiter's Legacy: How It All Ends","7/27/21"
"Jupiter's Legacy: Omnes Pro Uno","7/24/21"
"Jupiter's Legacy: Cover Her Face","7/24/21"
"Jupiter's Legacy: What's the Use?","7/24/21"
"Jupiter's Legacy: All the Devils Are Here","7/23/21"
"Jupiter's Legacy: Painting the Clouds With Sunshine","7/23/21"
"Jupiter's Legacy: Paper and Stone","7/23/21"
"Jupiter's Legacy: By Dawn's Early Light","7/23/21"
"Synchronic","7/18/21"
"Gunpowder Milkshake","7/17/21"
"Spenser Confidential","7/16/21"
"Homefront","7/14/21"
"Ava","6/16/21"
"The Midnight Sky","5/25/21"
"Army of the Dead","5/24/21"
"How High 2","5/4/21"
"Shadow and Bone: Season 1: No Mourners","5/4/21"
"Shadow and Bone: Season 1: The Unsea","5/4/21"
"Shadow and Bone: Season 1: The Heart is an Arrow","5/4/21"
"Shadow and Bone: Season 1: Show Me Who You Are","5/4/21"
"Shadow and Bone: Season 1: Otkazat’sya","5/3/21"
"Shadow and Bone: Season 1: The Making at the Heart of the World","5/3/21"
"Shadow and Bone: Season 1: We’re All Someone’s Monster","5/3/21"
"Shadow and Bone: Season 1: A Searing Burst of Light","5/3/21"
"Bad Trip","4/21/21"
"Rim of the World","3/6/21"
"Altered Carbon: Resleeved","3/6/21"
"Tribes of Europa: Chapter 6","3/5/21"
"Tribes of Europa: Chapter 5","3/5/21"
"Tribes of Europa: Chapter 4","3/1/21"
"Tribes of Europa: Chapter 3","2/28/21"
"Tribes of Europa: Chapter 2","2/27/21"
"Tribes of Europa: Chapter 1","2/27/21"
"Outside the Wire","2/22/21"
"The Good Place: Season 4: Whenever You're Ready","2/22/21"
"The Good Place: Season 4: Patty","2/9/21"
"The Good Place: Season 4: Mondays, Am I Right?","2/9/21"
"The Good Place: Season 4: You've Changed, Man","2/9/21"
"The Good Place: Season 4: The Answer","2/9/21"
"The Good Place: Season 4: The Funerals To End All Funerals","2/9/21"
"The Good Place: Season 4: Help is Other People","2/9/21"
"The Good Place: Season 4: A Chip Driver Mystery","2/9/21"
"The Good Place: Season 4: Employee of the Bearimy","2/8/21"
"The Good Place: Season 4: Tinker, Tailor, Demon, Spy","2/8/21"
"The Good Place: Season 4: Chillaxing","2/8/21"
"The Good Place: Season 4: A Girl From Arizona - Part 2","2/8/21"
"The Good Place: Season 4: A Girl From Arizona - Part 1","2/8/21"
"Disenchantment: Part 3: The Madness of King Zøg","1/22/21"
"Disenchantment: Part 3: Hey, Pig Spender","1/21/21"
"Disenchantment: Part 3: Bad Moon Rising","1/20/21"
"Disenchantment: Part 3: Last Splash","1/20/21"
"Disenchantment: Part 3: Freak Out!","1/19/21"
"Disenchantment: Part 3: Steamland Confidential","1/19/21"
"Disenchantment: Part 3: Beanie Get Your Gun","1/19/21"
"Disenchantment: Part 3: You're the Bean","1/19/21"
"Disenchantment: Part 3: Subterranean Homesick Blues","1/18/21"
"Into the Night: Season 1: Ayaz","11/14/20"
"Into the Badlands: Season 3: Seven Strike as One","11/14/20"
"Into the Badlands: Season 3: Requiem for the Fallen","11/14/20"
"Into the Badlands: Season 3: Curse of the Red Rain","11/14/20"
"Into the Night: Season 1: Mathieu","11/13/20"
"Into the Night: Season 1: Jakub","11/13/20"
"Into the Night: Season 1: Sylvie","11/13/20"
"Into the Badlands: Season 3: Black Lotus, White Rose","11/13/20"
"Into the Badlands: Season 3: Cobra Fang, Panther Claw","11/13/20"
"Into the Badlands: Season 3: The Boar and the Butterfly","11/13/20"
"Into the Badlands: Season 3: Raven's Feather, Phoenix Blood","11/13/20"
"Into the Badlands: Season 3: Chamber of the Scorpion","11/12/20"
"Into the Badlands: Season 3: Leopard Catches Cloud","11/12/20"
"Into the Badlands: Season 3: Dragonfly's Last Dance","11/12/20"
"Into the Badlands: Season 3: Black Wind Howls","11/11/20"
"Into the Badlands: Season 3: Carry Tiger to Mountain","11/11/20"
"Into the Badlands: Season 3: Blind Cannibal Assassins","11/11/20"
"Into the Badlands: Season 3: Leopard Snares Rabbit","11/11/20"
"Into the Badlands: Season 3: Moon Rises, Raven Seeks","11/11/20"
"Into the Badlands: Season 3: Enter the Phoenix","11/11/20"
"Into the Badlands: Season 2: Wolf's Breath, Dragon Fire","11/11/20"
"Into the Badlands: Season 2: Nightingale Sings No More","11/11/20"
"Into the Badlands: Season 2: Sting of the Scorpion's Tail","11/11/20"
"Into the Badlands: Season 2: Black Heart, White Mountain","11/11/20"
"Into the Badlands: Season 2: Leopard Stalks in Snow","11/10/20"
"Into the Badlands: Season 2: Monkey Leaps Through Mist","11/10/20"
"Into the Badlands: Season 2: Palm of the Iron Fox","11/10/20"
"Into the Badlands: Season 2: Red Sun, Silver Moon","11/10/20"
"Into the Badlands: Season 2: Force of Eagle's Claw","11/10/20"
"Into the Badlands: Season 2: Tiger Pushes Mountain","11/10/20"
"Into the Badlands: Season 1: Hand of Five Poisons","11/9/20"
"Into the Badlands: Season 1: Snake Creeps Down","11/9/20"
"Into the Badlands: Season 1: Two Tigers Subdue Dragons","11/9/20"
"The Blacklist: Season 7: The Kazanjian Brothers","10/14/20"
"The Blacklist: Season 7: Roy Cain (No. 150)","10/13/20"
"The Blacklist: Season 7: Brothers","10/13/20"
"The Blacklist: Season 7: Nyle Hatcher (No. 149)","10/13/20"
"The Blacklist: Season 7: Gordon Kemp (No. 158)","10/13/20"
"The Blacklist: Season 7: Twamie Ullulaq (No. 126)","10/12/20"
"The Blacklist: Season 7: Newton Purcell (No. 144)","10/12/20"
"The Blacklist: Season 7: Cornelius Ruck (No. 155)","10/12/20"
"The Blacklist: Season 7: Victoria Fenberg (No. 137)","10/12/20"
"The Blacklist: Season 7: Katarina Rostova (No. 3)","10/12/20"
"The Blacklist: Season 7: Orion Relocation Services (No. 159)","10/12/20"
"The Blacklist: Season 7: The Hawaladar (No. 162)","10/12/20"
"The Blacklist: Season 7: Hannah Hayes (No. 125)","10/12/20"
"The Blacklist: Season 7: Dr. Lewis Powell (No. 130)","10/11/20"
"The Blacklist: Season 7: Norman Devane (No. 138)","10/11/20"
"The Blacklist: Season 7: Kuwait","10/11/20"
"The Blacklist: Season 7: Les Fleurs Du Mal (No. 151)","10/11/20"
"The Blacklist: Season 7: Louis T. Steinhil (No. 27): Conclusion","10/11/20"
"The Blacklist: Season 7: Louis T. Steinhil (No. 27)","10/11/20"
"Away: Negative Return","9/16/20"
"Away: Go","9/16/20"
"Time Trap","9/10/20"
"Swordfish","9/10/20"
"No Manches Frida","8/25/20"
"El Chapo: Season 2: Episode 9","8/25/20"
"El Chapo: Season 2: Episode 8","8/25/20"
"El Chapo: Season 2: Episode 7","8/24/20"
"El Chapo: Season 2: Episode 6","8/24/20"
"Cursed: The Sacrifice","8/24/20"
"Cursed: Poisons","8/24/20"
"High Score: Limited Series: Comeback Kid","8/24/20"
"Cursed: The Fey Queen","8/24/20"
"Cursed: Bring Us In Good Ale","8/24/20"
"El Chapo: Season 2: Episode 5","8/23/20"
"Cursed: Festa and Moreii","8/23/20"
"Cursed: The Joining","8/23/20"
"Cursed: The Red Lake","8/23/20"
"High Score: Limited Series: Boom & Bust","8/23/20"
"Cursed: Alone","8/23/20"
"Cursed: Cursed","8/23/20"
"Cursed: Nimue","8/23/20"
"The Last Kingdom: Season 1: Episode 1","8/23/20"
"El Chapo: Season 2: Episode 4","8/23/20"
"El Chapo: Season 2: Episode 3","8/23/20"
"An Easy Girl","8/22/20"
"American Pie Presents: The Naked Mile","8/22/20"
"1922","8/22/20"
"In the Tall Grass","8/22/20"
"The Worst Witch: Season 1: The Best Teacher","8/22/20"
"H2O: Just Add Water: Season 1: Metamorphosis","8/22/20"
"H2O: Mermaid Adventures: Season 1: The Secret of Mako Island","8/22/20"
"The Spiderwick Chronicles","8/22/20"
" ","8/22/20"
"El Chapo: Season 2: Episode 2","8/22/20"
"El Chapo: Season 2: Episode 1","8/21/20"
"El Chapo: Season 1: Episode 9","8/21/20"
"El Chapo: Season 1: Episode 8","8/21/20"
"The Little Mermaid","8/21/20"
"Money Heist: Part 1: Episode 12","8/21/20"
"Money Heist: Part 1: Episode 11","8/21/20"
"Money Heist: Part 1: Episode 10","8/21/20"
"Money Heist: Part 1: Episode 9","8/21/20"
"Money Heist: Part 1: Episode 8","8/21/20"
"Money Heist: Part 1: Episode 7","8/21/20"
"Money Heist: Part 1: Episode 6","8/21/20"
"Money Heist: Part 1: Episode 5","8/21/20"
"Money Heist: Part 1: Episode 4","8/21/20"
"Money Heist: Part 1: Episode 3","8/21/20"
"Money Heist: Part 1: Episode 2","8/21/20"
"Lucifer: Season 1: Pilot","8/21/20"
"Money Heist: The Phenomenon","8/21/20"
"Money Heist: Part 1: Episode 1","8/21/20"
"Legends of Oz: Dorothy’s Return","8/21/20"
"The Worst Witch: Season 1: The Great Wizard's Visit","8/21/20"
"The Worst Witch: Season 1: Pond Life","8/20/20"
"The Worst Witch: Season 1: New Girl","8/20/20"
"The Worst Witch: Season 1: Tabby","8/20/20"
"El Chapo: Season 1: Episode 7","8/20/20"
"The Worst Witch: Season 1: Selection Day","8/20/20"
"El Chapo: Season 1: Episode 6","8/20/20"
"Cars 2","8/20/20"
"El Chapo: Season 1: Episode 5","8/20/20"
"Cars","8/20/20"
"El Chapo: Season 1: Episode 4","8/19/20"
"El Chapo: Season 1: Episode 3","8/19/20"
"Dark Desire: Season 1: You Messed With The Wrong Woman","8/19/20"
"Dark Desire: Season 1: Are You Missing The Good Old Times?","8/19/20"
"Hot Girls Wanted","8/19/20"
"Scouts Guide to the Zombie Apocalypse","8/19/20"
"Oh, Ramona!","8/19/20"
"El Chapo: Season 1: Episode 2","8/19/20"
"El Chapo: Season 1: Episode 1","8/18/20"
"Dark Desire: Season 1: What Do You Know About Darío Guerra?","8/18/20"
"Dark Desire: Season 1: Love, That Word","8/18/20"
"Spider-Man: Homecoming","8/18/20"
"Dark Desire: Season 1: What Common People Call Love","8/17/20"
"Miracle in Cell No. 7","8/16/20"
"The Green Mile","8/16/20"
"Dark Desire: Season 1: One Last Night of Passion","8/15/20"
"Dark Desire: Season 1: It's Just Sex","8/15/20"
"Narcos: Mexico: Season 1: Camelot","8/15/20"
"The Legend of Tarzan","8/14/20"
"Furie","8/14/20"
"The Old Guard","7/26/20"
"Shameless (U.S.): Season 1: Pilot","7/26/20"
"The Cloverfield Paradox","7/26/20"
"Space Force: Season 1: PROPORTIONATE RESPONSE","7/13/20"
"Jeffrey Epstein: Filthy Rich: Limited Series: Hunting Grounds","7/12/20"
"Space Force: Season 1: IT’S GOOD TO BE BACK ON THE MOON","7/12/20"
"Space Force: Season 1: CONJUGAL VISIT","7/10/20"
"Space Force: Season 1: EDISON JAYMES","7/8/20"
"Space Force: Season 1: THE SPY","7/8/20"
"Space Force: Season 1: SPACE FLAG","7/6/20"
"Space Force: Season 1: LUNAR HABITAT","7/6/20"
"Space Force: Season 1: MARK AND MALLORY GO TO WASHINGTON","7/6/20"
"Space Force: Season 1: SAVE EPSILON 6!","7/5/20"
"Space Force: Season 1: THE LAUNCH","7/5/20"
"Chris Rock: Tamborine","6/15/20"
"Middleditch & Schwartz: Parking Lot Wedding","5/16/20"
"Extraction","5/16/20"
"Unbreakable Kimmy Schmidt: Kimmy vs. the Reverend","5/15/20"
"Sherlock: Series 4: The Six Thatchers","5/15/20"
"#blackAF: because of slavery","5/5/20"
"Dave Chappelle: The Kennedy Center Mark Twain Prize for American Humor","4/13/20"
"F is for Family: Season 3: Bill Murphy's Night Off","4/13/20"
"F is for Family: Season 3: Frank the Father","4/12/20"
"F is for Family: Season 3: It's In His Blood","4/12/20"
"F is for Family: Season 3: Summer Vacation","4/12/20"
"F is for Family: Season 3: Punch Drunk","4/12/20"
"Ozark: Season 2: Reparations","4/11/20"
"F is for Family: Season 3: Battle of the Sexes","4/11/20"
"F is for Family: Season 3: Mr. Murphy's Wild Ride","4/10/20"
"F is for Family: Season 3: The Stinger","4/9/20"
"Paradise PD: Part 2: Operation DD","4/2/20"
"Paradise PD: Part 2: Paradise PD Meets Brickleberry","4/1/20"
"Paradise PD: Part 2: Flip the Vote","3/31/20"
"Paradise PD: Part 2: The Father, the Son and the Post-it Note","3/31/20"
"Paradise PD: Part 2: Who Ate Wally's Waffles","3/30/20"
"Happy!: Season 1: When Christmas Was Christmas","3/30/20"
"Happy!: Season 1: What Smiles Are For","3/29/20"
"Happy!: Season 1: Saint Nick","3/29/20"
"Paradise PD: Part 2: Tucker Carlson Is a Huge D**k","3/29/20"
"Altered Carbon: Season 2: Broken Angels","3/28/20"
"Altered Carbon: Season 2: Experiment Perilous","3/28/20"
"Altered Carbon: Season 2: Bury Me Dead","3/28/20"
"Altered Carbon: Season 2: I Wake Up Screaming","3/27/20"
"Altered Carbon: Season 2: Shadow of a Doubt","3/27/20"
"Altered Carbon: Season 2: Nightmare Alley","3/27/20"
"Altered Carbon: Season 2: Payment Deferred","3/26/20"
"Altered Carbon: Season 2: Phantom Lady","3/25/20"
"Paradise PD: Part 2: Big Ball Energy","3/14/20"
"Paradise PD: Part 2: Paradise Found","3/14/20"
"Taylor Tomlinson: Quarter-Life Crisis","3/13/20"
"Pete Davidson: Alive From New York","3/13/20"
"BoJack Horseman: Season 6: Nice While It Lasted","3/2/20"
"BoJack Horseman: Season 6: The View from Halfway Down","3/2/20"
"BoJack Horseman: Season 6: Angela","3/2/20"
"BoJack Horseman: Season 6: The Horny Unicorn","3/1/20"
"BoJack Horseman: Season 6: Xerox of a Xerox","2/20/20"
"BoJack Horseman: Season 6: Sunk Cost and All That","2/20/20"
"BoJack Horseman: Season 6: Good Damage","2/20/20"
"BoJack Horseman: Season 6: Intermediate Scene Study w/ BoJack Horseman","2/18/20"
"BoJack Horseman: Season 6: A Quick One, While He's Away","2/18/20"
"BoJack Horseman: Season 6: The Face of Depression","2/18/20"
"BoJack Horseman: Season 6: The Kidney Stays in the Picture","2/18/20"
"BoJack Horseman: Season 6: A Little Uneven, Is All","2/17/20"
"BoJack Horseman: Season 6: Surprise!","2/16/20"
"BoJack Horseman: Season 6: Feel-Good Story","2/16/20"
"BoJack Horseman: Season 6: The New Client","2/15/20"
"BoJack Horseman: Season 6: A Horse Walks into a Rehab","2/15/20"
"BoJack Horseman: Season 5: The Stopped Show","2/15/20"
"BoJack Horseman: Season 5: The Showstopper","2/14/20"
"BoJack Horseman: Season 5: Head in the Clouds","2/14/20"
"BoJack Horseman: Season 5: Ancient History","2/13/20"
"BoJack Horseman: Season 5: Mr. Peanutbutter's Boos","2/13/20"
"BoJack Horseman: Season 5: INT. SUB","2/12/20"
"BoJack Horseman: Season 5: Free Churro","2/11/20"
"BoJack Horseman: Season 5: The Amelia Earhart Story","2/11/20"
"BoJack Horseman: Season 5: BoJack the Feminist","2/11/20"
"BoJack Horseman: Season 5: Planned Obsolescence","2/11/20"
"BoJack Horseman: Season 5: The Dog Days Are Over","2/11/20"
"BoJack Horseman: Season 5: The Light Bulb Scene","2/10/20"
"BoJack Horseman: Season 4: What Time Is It Right Now","2/10/20"
"BoJack Horseman: Season 4: Time's Arrow","2/9/20"
"BoJack Horseman: Season 4: lovin that cali lifestyle!!","2/9/20"
"BoJack Horseman: Season 4: Ruthie","2/9/20"
"BoJack Horseman: Season 4: The Judge","2/8/20"
"BoJack Horseman: Season 4: Underground","2/8/20"
"BoJack Horseman: Season 4: Stupid Piece of Sh*t","2/8/20"
"BoJack Horseman: Season 4: Thoughts and Prayers","2/8/20"
"BoJack Horseman: Season 4: Commence Fracking","2/8/20"
"BoJack Horseman: Season 4: Hooray! Todd Episode!","2/8/20"
"BoJack Horseman: Season 4: The Old Sugarman Place","2/7/20"
"BoJack Horseman: Season 4: See Mr. Peanutbutter Run","2/7/20"
"BoJack Horseman: Season 3: That Went Well","2/6/20"
"BoJack Horseman: Season 3: That's Too Much, Man!","2/5/20"
"BoJack Horseman: Season 3: It's You","2/5/20"
"BoJack Horseman: Season 3: Best Thing That Ever Happened","2/5/20"
"BoJack Horseman: Season 3: Old Acquaintance","2/5/20"
"BoJack Horseman: Season 3: Stop the Presses","2/5/20"
"BoJack Horseman: Season 3: Brrap Brrap Pew Pew","2/5/20"
"BoJack Horseman: Season 3: Love And/Or Marriage","2/5/20"
"BoJack Horseman: Season 3: Fish Out Of Water","2/4/20"
"BoJack Horseman: Season 3: BoJack Kills","2/4/20"
"BoJack Horseman: Season 3: The BoJack Horseman Show","2/4/20"
"BoJack Horseman: Season 3: Start Spreading the News","2/4/20"
"BoJack Horseman: Season 2: Out to Sea","2/4/20"
"BoJack Horseman: Season 2: Escape from L.A.","2/3/20"
"BoJack Horseman: Season 2: Yes And","2/3/20"
"BoJack Horseman: Season 2: The Shot","2/3/20"
"BoJack Horseman: Season 2: Let's Find Out","2/3/20"
"BoJack Horseman: Season 2: Hank After Dark","2/3/20"
"BoJack Horseman: Season 2: Higher Love","2/3/20"
"BoJack Horseman: Season 2: Chickens","2/3/20"
"BoJack Horseman: Season 2: After the Party","2/3/20"
"BoJack Horseman: Season 2: Still Broken","2/2/20"
"BoJack Horseman: Season 2: Yesterdayland","2/2/20"
"BoJack Horseman: Season 2: Brand New Couch","2/2/20"
"BoJack Horseman: Season 1: Later","2/1/20"
"BoJack Horseman: Season 1: Downer Ending","1/31/20"
"BoJack Horseman: Season 1: One Trick Pony","1/31/20"
"BoJack Horseman: Season 1: Horse Majeure","1/31/20"
"BoJack Horseman: Season 1: The Telescope","1/31/20"
"BoJack Horseman: Season 1: Say Anything","1/30/20"
"BoJack Horseman: Season 1: Our A-Story Is a 'D' Story","1/30/20"
"BoJack Horseman: Season 1: Live Fast, Diane Nguyen","1/30/20"
"BoJack Horseman: Season 1: Zoës and Zeldas","1/30/20"
"BoJack Horseman: Season 1: Prickly-Muffin","1/29/20"
"BoJack Horseman: Season 1: BoJack Hates the Troops","1/28/20"
"BoJack Horseman: Season 1: BoJack Horseman: The BoJack Horseman Story, Chapter One","1/28/20"
"Daybreak: FWASH-BOOOOOOOOOOOOOOOOOOOOOOOOOM!","1/27/20"
"Daybreak: Josh vs. the Apocalypse: Part 2","1/26/20"
"Daybreak: Post Mates","1/26/20"
"Daybreak: Canta Tu Vida","1/26/20"
"Daybreak: 5318008","1/24/20"
"Daybreak: Homecoming Redux or My So Called Stunt Double Life","1/19/20"
"Daybreak: MMMMMMM-HMMMMMM","1/19/20"
"Daybreak: The Slime Queenpin of Glendale, CA","1/19/20"
"Daybreak: Schmuck Bait!","1/18/20"
"Daybreak: Josh vs. the Apocalypse: Part 1","1/16/20"
"Dave Chappelle: Sticks & Stones","1/9/20"
"Lost in Space: Season 2: Ninety-Seven","1/8/20"
"Lost in Space: Season 2: Shell Game","1/8/20"
"Lost in Space: Season 2: Unknown","1/8/20"
"Lost in Space: Season 2: Evolution","1/4/20"
"Lost in Space: Season 2: Severed","1/4/20"
"Lost in Space: Season 2: Run","1/3/20"
"Lost in Space: Season 2: Scarecrow","1/3/20"
"Lost in Space: Season 2: Echoes","1/3/20"
"Lost in Space: Season 2: Precipice","1/3/20"
"Lost in Space: Season 2: Shipwrecked","1/2/20"
"Living with Yourself: Made in a Strip Mall","12/17/19"
"Living with Yourself: The Best You Can Be","12/17/19"
"6 Underground","12/17/19"
"Hit & Run","12/6/19"
"Paradise PD: Part 1: Christmas in Paradise","10/26/19"
"Paradise PD: Part 1: Parent Trap","10/25/19"
"Paradise PD: Part 1: Task Force","10/25/19"
"Paradise PD: Part 1: Police Academy","10/25/19"
"Paradise PD: Part 1: Meet the Jabowskis","10/25/19"
"Paradise PD: Part 1: Dungeons & Dragnet","10/24/19"
"Paradise PD: Part 1: Karla","10/23/19"
"Paradise PD: Part 1: Black & Blue","10/23/19"
"Paradise PD: Part 1: Ass on the Line","10/22/19"
"Paradise PD: Part 1: Welcome to Paradise","10/22/19"
"Big Mouth: Season 3: Super Mouth","10/22/19"
"Big Mouth: Season 3: Disclosure the Movie: The Musical!","10/21/19"
"Big Mouth: Season 3: The ASSes","10/21/19"
"Big Mouth: Season 3: Rankings","10/19/19"
"Big Mouth: Season 3: Duke","10/19/19"
"Big Mouth: Season 3: How To Have An Orgasm","10/19/19"
"Big Mouth: Season 3: Florida","10/19/19"
"Big Mouth: Season 3: Obsessed","10/19/19"
"Big Mouth: Season 3: Cellsea","10/18/19"
"Big Mouth: Season 3: Girls Are Angry Too","10/17/19"
"Big Mouth: Season 3: My Furry Valentine","10/16/19"
"Big Mouth: Season 2: The Department of Puberty","10/16/19"
"Big Mouth: Season 2: Smooch or Share","10/16/19"
"Big Mouth: Season 2: Dark Side of the Boob","10/16/19"
"Big Mouth: Season 2: Guy Town","10/15/19"
"Big Mouth: Season 2: Drug Buddies","10/15/19"
"Big Mouth: Season 2: The Planned Parenthood Show","10/15/19"
"Big Mouth: Season 2: Steve the Virgin","10/14/19"
"Big Mouth: Season 2: The Shame Wizard","10/13/19"
"Big Mouth: Season 2: What Is It About Boobs?","10/12/19"
"Big Mouth: Season 2: Am I Normal?","10/12/19"
"Big Mouth: Season 1: The Pornscape","10/11/19"
"Big Mouth: Season 1: I Survived Jessi's Bat Mitzvah","10/11/19"
"Big Mouth: Season 1: The Head Push","10/11/19"
"Big Mouth: Season 1: Requiem for a Wet Dream","10/10/19"
"Big Mouth: Season 1: Pillow Talk","10/10/19"
"Big Mouth: Season 1: Girls Are Horny Too","10/9/19"
"Rhythm + Flow: Season 1: Los Angeles Auditions","10/9/19"
"Big Mouth: Season 1: Sleepover: A Harrowing Ordeal of Emotional Brutality","10/9/19"
"Big Mouth: Season 1: Am I Gay?","10/9/19"
"Big Mouth: Season 1: Everybody Bleeds","10/8/19"
"Big Mouth: Season 1: Ejaculation","10/8/19"
"Disenchantment: Part 2: Tiabeanie Falls","10/8/19"
"Disenchantment: Part 2: The Electric Princess","10/7/19"
"Disenchantment: Part 2: In Her Own Write","10/7/19"
"Disenchantment: Part 2: Love's Slimy Embrace","10/7/19"
"Disenchantment: Part 2: The Dreamland Job","10/7/19"
"Disenchantment: Part 2: Our Bodies, Our Elves","10/6/19"
"Disenchantment: Part 2: The Lonely Heart Is a Hunter","10/5/19"
"Disenchantment: Part 2: The Very Thing","10/5/19"
"Disenchantment: Part 2: Stairway to Hell","10/4/19"
"Disenchantment: Part 2: The Disenchantress","10/4/19"
"The Blacklist: Season 6: Robert Diaz (No. 15)","10/3/19"
"The Blacklist: Season 6: Anna McMahon (No. 60)","10/2/19"
"The Blacklist: Season 6: Guillermo Rizal (No. 128)","9/30/19"
"The Blacklist: Season 6: Rassvet","9/30/19"
"The Blacklist: Season 6: The Brockton College Killer (No. 92)","9/29/19"
"The Blacklist: Season 6: The Third Estate (No. 136)","9/29/19"
"The Blacklist: Season 6: Lady Luck (No. 69)","9/29/19"
"The Blacklist: Season 6: Olivia Olson (No. 115)","9/28/19"
"The Blacklist: Season 6: The Osterman Umbrella Company (No. 6)","9/28/19"
"The Blacklist: Season 6: Robert Vesco (No. 9)","9/28/19"
"The Blacklist: Season 6: Bastien Moreau (no. 20): Conclusion","9/28/19"
"The Blacklist: Season 6: Bastien Moreau (no. 20)","9/28/19"
"The Blacklist: Season 6: The Cryptobanker (No. 160)","9/28/19"
"The Blacklist: Season 6: Minister D (No. 99)","9/27/19"
"The Blacklist: Season 6: Marko Jankowics (No. 58)","9/27/19"
"The Blacklist: Season 6: General Shiro (No. 116)","9/27/19"
"The Blacklist: Season 6: The Ethicist (No. 91)","9/27/19"
"The Blacklist: Season 6: Alter Ego (No. 131)","9/27/19"
"The Blacklist: Season 6: The Pawnbrokers (No. 146/147)","9/26/19"
"The Blacklist: Season 6: The Pharmacist (No. 124)","9/26/19"
"The Blacklist: Season 6: The Corsican (No. 20)","9/25/19"
"The Blacklist: Season 6: Dr. Hans Koehler (No. 33)","9/25/19"
"Stranger Things: Stranger Things 3: Chapter Seven: The Bite","8/26/19"
"Stranger Things: Stranger Things 3: Chapter Six: E Pluribus Unum","8/23/19"
"Stranger Things: Stranger Things 3: Chapter Five: The Flayed","8/21/19"
"Stranger Things: Stranger Things 3: Chapter Four: The Sauna Test","8/21/19"
"Stranger Things: Stranger Things 3: Chapter Three: The Case of the Missing Lifeguard","8/20/19"
"Stranger Things: Stranger Things 3: Chapter Two: The Mall Rats","8/19/19"
"Another Life: Season 1: Hello","8/18/19"
"Another Life: Season 1: Heart and Soul","8/18/19"
"Another Life: Season 1: How the Light Gets Lost","8/18/19"
"Another Life: Season 1: Living the Dream","8/18/19"
"Another Life: Season 1: I Think We're Alone Now","8/18/19"
"Another Life: Season 1: A Mind of its Own","8/18/19"
"Another Life: Season 1: Guilt Trip","8/18/19"
"Another Life: Season 1: Nervous Breakdown","8/17/19"
"Another Life: Season 1: Through the Valley of Shadows","8/17/19"
"Another Life: Season 1: Across the Universe","8/17/19"
"Stranger Things: Stranger Things 3: Chapter One: Suzie, Do You Copy?","8/16/19"
"Stranger Things: Stranger Things 2: Chapter Nine: The Gate","8/10/19"
"Stranger Things: Stranger Things 2: Chapter Eight: The Mind Flayer","8/10/19"
"Stranger Things: Stranger Things 2: Chapter Seven: The Lost Sister","8/9/19"
"Stranger Things: Stranger Things 2: Chapter Six: The Spy","8/9/19"
"Stranger Things: Stranger Things 2: Chapter Five: Dig Dug","8/9/19"
"Stranger Things: Stranger Things 2: Chapter Four: Will the Wise","8/8/19"
"Stranger Things: Stranger Things 2: Chapter Three: The Pollywog","8/8/19"
"Stranger Things: Stranger Things 2: Chapter Two: Trick or Treat, Freak","8/7/19"
"Stranger Things: Stranger Things 2: Chapter One: MADMAX","8/7/19"
"Stranger Things: Chapter Eight: The Upside Down","8/6/19"
"Stranger Things: Chapter Seven: The Bathtub","8/6/19"
"Stranger Things: Chapter Six: The Monster","8/6/19"
"Stranger Things: Chapter Five: The Flea and the Acrobat","8/6/19"
"Stranger Things: Chapter Four: The Body","8/5/19"
"Stranger Things: Chapter Three: Holly, Jolly","8/5/19"
"Stranger Things: Stranger Things 3: Chapter Eight: The Battle of Starcourt","7/21/19"
"Stranger Things: Chapter Two: The Weirdo on Maple Street","7/8/19"
"Stranger Things: Chapter One: The Vanishing of Will Byers","7/8/19"
"The Assassination of Gianni Versace: Manhunt","7/6/19"
"The Assassination of Gianni Versace: The Man Who Would Be Vogue","7/6/19"
"Great News: Season 2: Early Retirement","7/2/19"
"Great News: Season 2: The Fast Track","7/1/19"
"Great News: Season 2: Competing Offer","7/1/19"
"Great News: Season 2: Catfight","7/1/19"
"Great News: Season 2: Love Is Dead","7/1/19"
"Great News: Season 2: Sensitivity Training","6/30/19"
"Great News: Season 2: A Christmas Carol Wendelson","6/29/19"
"Great News: Season 2: Pool Show","6/29/19"
"Great News: Season 2: Night of the Living Screen","6/29/19"
"Great News: Season 2: Award Show","6/29/19"
"Great News: Season 2: Honeypot!","6/29/19"
"Great News: Season 2: Squad Feud","6/29/19"
"Great News: Season 2: Boardroom Bitch","6/28/19"
"Great News: Season 1: Carol's Eleven","6/28/19"
"Great News: Season 1: Carol Has a Bully","6/27/19"
"Great News: Season 1: Celebrity Hacking Scandal","6/27/19"
"Great News: Season 1: The Red Door","6/27/19"
"Great News: Season 1: Serial Arsonist","6/26/19"
"Great News: Season 1: Snowmaggedon of the Century","6/26/19"
"Great News: Season 1: War Is Hell","6/26/19"
"Great News: Season 1: Chuck Pierce Is Blind","6/25/19"
"Great News: Season 1: Bear Attack","6/25/19"
"Great News: Season 1: Pilot","6/25/19"
"Murder Mystery","6/19/19"
"The Good Place: Season 2: Somewhere Else","6/14/19"
"The Good Place: Season 2: The Burrito","6/14/19"
"The Good Place: Season 2: Rhonda, Diana, Jake, and Trent","6/14/19"
"The Good Place: Season 2: Best Self","6/14/19"
"The Good Place: Season 2: Leap to Faith","6/14/19"
"The Good Place: Season 2: Derek","6/14/19"
"The Good Place: Season 2: Janet and Michael","6/13/19"
"The Good Place: Season 2: The Trolley Problem","6/13/19"
"The Good Place: Season 2: Existential Crisis","6/13/19"
"The Good Place: Season 2: Team Cockroach","6/13/19"
"The Good Place: Season 2: Dance Dance Resolution","6/13/19"
"The Good Place: Season 2: Everything Is Great!","6/13/19"
"Dead to Me: Season 1: You Have to Go","6/2/19"
"Dead to Me: Season 1: I Have to Be Honest","6/1/19"
"Dead to Me: Season 1: Try to Stop Me","6/1/19"
"Dead to Me: Season 1: I Can Handle It","6/1/19"
"Dead to Me: Season 1: Oh My God","6/1/19"
"Dead to Me: Season 1: I've Gotta Get Away","6/1/19"
"Dead to Me: Season 1: I Can't Go Back","6/1/19"
"Dead to Me: Season 1: It's All My Fault","6/1/19"
"Dead to Me: Season 1: Maybe I'm Crazy","6/1/19"
"Dead to Me: Season 1: Pilot","6/1/19"
"The OA: Part I: Chapter 7: Empire of Light","3/30/19"
"The OA: Part I: Chapter 6: Forking Paths","3/29/19"
"The OA: Part I: Chapter 5: Paradise","3/29/19"
"Black Mirror: Bandersnatch","3/29/19"
"The Details","3/29/19"
"The OA: Part I: Chapter 4: Away","3/27/19"
"The OA: Part I: Chapter 3: Champion","3/27/19"
"The OA: Part I: Chapter 2: New Colossus","3/26/19"
"The OA: Part I: Chapter 1: Homecoming","3/26/19"
"Triple Frontier","3/24/19"
"F is for Family: Season 3: Paul Lynde to Block","12/17/18"
"Bodyguard: Episode 6","12/15/18"
"Bodyguard: Episode 5","12/15/18"
"Bodyguard: Episode 4","12/15/18"
"Bodyguard: Episode 3","12/15/18"
"Narcos: Season 2: Al Fin Cayó!","12/12/18"
"Narcos: Season 2: Nuestra Finca","12/12/18"
"Narcos: Season 2: Exit El Patrón","12/12/18"
"Narcos: Season 2: Deutschland 93","12/11/18"
"Narcos: Season 2: Los Pepes","12/11/18"
"Narcos: Season 2: The Enemies of My Enemy","12/11/18"
"Narcos: Season 2: The Good, The Bad, and The Dead","12/11/18"
"Narcos: Season 2: Our Man in Madrid","12/10/18"
"Narcos: Season 2: Cambalache","12/10/18"
"Narcos: Season 2: Free at Last","12/9/18"
"Narcos: Season 1: Despegue","12/9/18"
"Narcos: Season 1: La Catedral","12/9/18"
"Narcos: Season 1: La Gran Mentira","12/9/18"
"Narcos: Season 1: You Will Cry Tears of Blood","12/9/18"
"Narcos: Season 1: Explosivos","12/8/18"
"Narcos: Season 1: There Will Be a Future","12/8/18"
"Narcos: Season 1: The Palace in Flames","12/7/18"
"Narcos: Season 1: The Men of Always","12/7/18"
"Narcos: Season 1: The Sword of Simón Bolívar","12/5/18"
"Narcos: Season 1: Descenso","12/4/18"
"F is for Family: Season 3: Are You Ready for the Summer?","11/30/18"
"How It Ends","11/30/18"
"Bumping Mics with Jeff Ross & Dave Attell: Saturday","11/29/18"
"Bumping Mics with Jeff Ross & Dave Attell: Friday","11/28/18"
"Taken: I Surrender","11/28/18"
"Taken: Gone","11/28/18"
"Taken: Leah","11/28/18"
"Taken: Solo","11/27/18"
"Taken: Hail Mary","11/27/18"
"Taken: A Clockwork Swiss","11/25/18"
"Taken: Mattie G","11/25/18"
"Taken: Off Side","11/24/18"
"Taken: Ready","11/23/18"
"Taken: Pilot","11/23/18"
"The 100: Season 1: Pilot","11/23/18"
"Lost in Space: Season 1: Danger, Will Robinson","11/22/18"
"Lost in Space: Season 1: Resurrection","11/22/18"
"Lost in Space: Season 1: Trajectory","11/22/18"
"Lost in Space: Season 1: Pressurized","11/21/18"
"Lost in Space: Season 1: Eulogy","11/21/18"
"Lost in Space: Season 1: Transmission","11/21/18"
"Lost in Space: Season 1: The Robinsons Were Here","11/21/18"
"Lost in Space: Season 1: Infestation","11/21/18"
"Lost in Space: Season 1: Diamonds In The Sky","11/21/18"
"The Blacklist: Season 5: Sutton Ross (No. 17)","11/8/18"
"The Blacklist: Season 5: Lawrence Dane Devlin (No. 26)","11/8/18"
"The Blacklist: Season 5: Nicholas T. Moore (No. 110)","11/6/18"
"The Blacklist: Season 5: Ian Garvey (No. 13): Conclusion","11/6/18"
"The Blacklist: Season 5: Zarak Mosadek (No. 23)","11/6/18"
"The Blacklist: Season 5: Anna-Garcia Duerte (No. 25)","11/6/18"
"The Blacklist: Season 5: The Capricorn Killer (No. 19)","11/6/18"
"The Blacklist: Season 5: Pattie Sue Edwards (No. 68)","11/6/18"
"The Blacklist: Season 5: Raleigh Sinclair III (No. 51)","11/5/18"
"The Blacklist: Season 5: The Invisible Hand","11/5/18"
"The Blacklist: Season 5: The Cook (No. 56)","11/4/18"
"The Blacklist: Season 5: Abraham Stern (No. 100)","11/4/18"
"The Blacklist: Season 5: The Informant (No. 118)","11/4/18"
"The Blacklist: Season 5: Ruin","11/4/18"
"The Blacklist: Season 5: Ian Garvey (No. 13)","11/4/18"
"The Blacklist: Season 5: The Killgannon Corporation (No. 48)","11/4/18"
"The Blacklist: Season 5: The Travel Agency (No. 90)","11/4/18"
"The Blacklist: Season 5: Ilyas Surkov (No. 54)","11/2/18"
"The Blacklist: Season 5: The Endling (No. 44)","11/2/18"
"The Blacklist: Season 5: Miss Rebecca Thrall (No. 76)","11/2/18"
"The Blacklist: Season 5: Greyson Blaise (No. 37)","11/2/18"
"The Blacklist: Season 5: Smokey Putnum (No. 30)","11/2/18"
"Disenchantment: Part 1: Dreamland Falls","8/29/18"
"Disenchantment: Part 1: To Thine Own Elf Be True","8/29/18"
"Disenchantment: Part 1: The Limits of Immortality","8/29/18"
"Disenchantment: Part 1: Love's Tender Rampage","8/29/18"
"Disenchantment: Part 1: Swamp and Circumstance","8/29/18"
"Disenchantment: Part 1: Faster, Princess! Kill! Kill!","8/29/18"
"Disenchantment: Part 1: Castle Party Massacre","8/29/18"
"Disenchantment: Part 1: The Princess of Darkness","8/28/18"
"Disenchantment: Part 1: For Whom the Pig Oinks","8/28/18"
"Disenchantment: Part 1: A Princess, an Elf, and a Demon Walk Into a Bar","8/28/18"
"The Titan","8/2/18"
"NOVA: Ultimate Cruise Ship","7/29/18"
"Extinction","7/29/18"
"Tig Notaro Happy To Be Here","6/17/18"
"Donald Glover: Weirdo","6/17/18"
"Parks and Recreation: Season 7: One Last Ride","6/17/18"
"Parks and Recreation: Season 7: Two Funerals","6/17/18"
"Parks and Recreation: Season 7: The Johnny Karate Super Awesome Musical Explosion Show","6/17/18"
"Parks and Recreation: Season 7: Pie-Mary","6/17/18"
"Parks and Recreation: Season 7: Ms. Ludgate-Dwyer Goes to Washington","6/17/18"
"Parks and Recreation: Season 7: Donna & Joe","6/17/18"
"Parks and Recreation: Season 7: Save JJ's","6/17/18"
"Parks and Recreation: Season 7: Gryzzlbox","6/17/18"
"Parks and Recreation: Season 7: Leslie and Ron","6/16/18"
"Parks and Recreation: Season 7: William Henry Harrison","6/16/18"
"Parks and Recreation: Season 7: Ron & Jammy","6/16/18"
"Parks and Recreation: Season 7: 2017","6/16/18"
"Escape to the Country Collection: Season 22: Wiltshire","6/16/18"
"Parks and Recreation: Season 6: Moving Up","6/16/18"
"Parks and Recreation: Season 6: One in 8,000","6/16/18"
"Parks and Recreation: Season 6: Flu Season 2","6/16/18"
"Parks and Recreation: Season 6: Prom","6/16/18"
"Parks and Recreation: Season 6: Galentine's Day","6/16/18"
"Parks and Recreation: Season 6: New Slogan","6/16/18"
"Parks and Recreation: Season 6: The Wall","6/16/18"
"Parks and Recreation: Season 6: Anniversaries","6/16/18"
"Parks and Recreation: Season 6: Ann and Chris","6/16/18"
"Parks and Recreation: Season 6: Farmers Market","6/16/18"
"Parks and Recreation: Season 6: New Beginnings","6/16/18"
"Parks and Recreation: Season 6: Second Chunce","6/15/18"
"Parks and Recreation: Season 6: The Cones of Dunshire","6/15/18"
"Parks and Recreation: Season 6: Fluoride","6/15/18"
"Parks and Recreation: Season 6: Recall Vote","6/15/18"
"Parks and Recreation: Season 6: Filibuster","6/15/18"
"Parks and Recreation: Season 6: Gin It Up!","6/15/18"
"Parks and Recreation: Season 6: Doppelgängers","6/15/18"
"Parks and Recreation: Season 6: The Pawnee-Eagleton Tip Off Classic","6/15/18"
"Parks and Recreation: Season 6: London: Parts 1 & 2","6/15/18"
"Parks and Recreation: Season 5: Article Two","6/15/18"
"Parks and Recreation: Season 5: Are You Better Off?","6/15/18"
"Parks and Recreation: Season 5: Swing Vote","6/15/18"
"Parks and Recreation: Season 5: Jerry's Retirement","6/15/18"
"Parks and Recreation: Season 5: Animal Control","6/14/18"
"Parks and Recreation: Season 5: Partridge","6/14/18"
"Parks and Recreation: Season 5: Bailout","6/14/18"
"Parks and Recreation: Season 5: Correspondents' Lunch","6/14/18"
"Parks and Recreation: Season 5: Leslie and Ben","6/14/18"
"Parks and Recreation: Season 5: Halloween Surprise","6/14/18"
"Parks and Recreation: Season 5: Emergency Response","6/13/18"
"Parks and Recreation: Season 5: Ann's Decision","6/13/18"
"Parks and Recreation: Season 5: Women in Garbage","6/13/18"
"Parks and Recreation: Season 5: Two Parties","6/13/18"
"Parks and Recreation: Season 5: Ron and Diane","6/13/18"
"Parks and Recreation: Season 5: Pawnee Commons","6/13/18"
"Parks and Recreation: Season 5: Leslie vs. April","6/13/18"
"Parks and Recreation: Season 5: Ben's Parents","6/13/18"
"Parks and Recreation: Season 5: Ms. Knope Goes to Washington","6/13/18"
"Parks and Recreation: Season 5: Sex Education","6/12/18"
"Parks and Recreation: Season 5: How a Bill Becomes a Law","6/12/18"
"Parks and Recreation: Season 5: Soda Tax","6/12/18"
"Parks and Recreation: Season 4: Win, Lose, or Draw","6/11/18"
"Parks and Recreation: Season 4: Bus Tour","6/11/18"
"Parks and Recreation: Season 4: The Debate","6/11/18"
"Parks and Recreation: Season 4: Live Ammo","6/11/18"
"Parks and Recreation: Season 4: Campaign Shake-Up","6/11/18"
"Parks and Recreation: Season 4: Lucky","6/11/18"
"Parks and Recreation: Season 4: Sweet Sixteen","6/11/18"
"Parks and Recreation: Season 4: Dave Returns","6/11/18"
"Parks and Recreation: Season 4: Operation Ann","6/11/18"
"Parks and Recreation: Season 4: Bowling for Votes","6/11/18"
"Parks and Recreation: Season 4: Campaign Ad","6/11/18"
"Parks and Recreation: Season 4: Citizen Knope","6/10/18"
"Parks and Recreation: Season 4: The Comeback Kid","6/10/18"
"Parks and Recreation: Season 4: The Trial of Leslie Knope","6/9/18"
"Parks and Recreation: Season 4: Smallest Park","6/9/18"
"Parks and Recreation: Season 4: The Treaty","6/9/18"
"Parks and Recreation: Season 4: End of the World","6/8/18"
"Parks and Recreation: Season 4: Meet 'n' Greet","6/8/18"
"Parks and Recreation: Season 3: Jerry's Painting","6/8/18"
"Parks and Recreation: Season 4: Pawnee Rangers","6/8/18"
"Parks and Recreation: Season 4: Born & Raised","6/8/18"
"Parks and Recreation: Season 4: Ron and Tammys","6/7/18"
"Parks and Recreation: Season 4: I'm Leslie Knope","6/7/18"
"Parks and Recreation: Season 3: Li'l Sebastian","6/6/18"
"Parks and Recreation: Season 3: The Bubble","6/6/18"
"Parks and Recreation: Season 3: Road Trip","6/6/18"
"Parks and Recreation: Season 3: The Fight","6/6/18"
"Parks and Recreation: Season 3: Eagleton","6/6/18"
"Parks and Recreation: Season 3: Soulmates","6/5/18"
"Parks and Recreation: Season 3: Andy and April's Fancy Party","6/5/18"
"Parks and Recreation: Season 3: Camping","6/5/18"
"Parks and Recreation: Season 3: Harvest Festival","6/5/18"
"Parks and Recreation: Season 3: Indianapolis","6/5/18"
"Parks and Recreation: Season 3: Media Blitz","6/5/18"
"Parks and Recreation: Season 3: Ron and Tammy: Part II","6/5/18"
"Parks and Recreation: Season 3: Time Capsule","6/5/18"
"Parks and Recreation: Season 3: Flu Season","6/5/18"
"Parks and Recreation: Season 3: Go Big or Go Home","6/5/18"
"Parks and Recreation: Season 2: Freddy Spaghetti","6/5/18"
"Parks and Recreation: Season 2: The Master Plan","6/5/18"
"Parks and Recreation: Season 2: Telethon","6/4/18"
"Parks and Recreation: Season 2: 94 Meetings","6/4/18"
"Parks and Recreation: Season 2: Summer Catalog","6/3/18"
"Parks and Recreation: Season 2: Park Safety","6/3/18"
"Parks and Recreation: Season 2: The Possum","6/2/18"
"Parks and Recreation: Season 2: Woman of the Year","6/1/18"
"Parks and Recreation: Season 2: Galentine's Day","5/31/18"
"Parks and Recreation: Season 2: Sweetums","5/30/18"
"Parks and Recreation: Season 2: Leslie's House","5/29/18"
"Parks and Recreation: Season 2: The Set-Up","5/29/18"
"Parks and Recreation: Season 2: Christmas Scandal","5/29/18"
"Parks and Recreation: Season 2: Tom's Divorce","5/29/18"
"Detectorists: Episode 1","5/29/18"
"Parks and Recreation: Season 2: Hunting Trip","5/28/18"
"The Kingdom","5/28/18"
"Parks and Recreation: Season 2: The Camel","5/26/18"
"Parks and Recreation: Season 2: Ron and Tammy","5/26/18"
"Parks and Recreation: Season 2: Greg Pikitis","5/26/18"
"13 Reasons Why: Season 1: Tape 7, Side A","5/25/18"
"13 Reasons Why: Season 1: Tape 6, Side B","5/25/18"
"Parks and Recreation: Season 2: Kaboom","5/25/18"
"Parks and Recreation: Season 2: Sister City","5/25/18"
"13 Reasons Why: Season 1: Tape 6, Side A","5/25/18"
"13 Reasons Why: Season 1: Tape 5, Side B","5/23/18"
"13 Reasons Why: Season 1: Tape 5, Side A","5/23/18"
"Parks and Recreation: Season 2: Beauty Pageant","5/23/18"
"13 Reasons Why: Season 1: Tape 4, Side B","5/23/18"
"13 Reasons Why: Season 1: Tape 4, Side A","5/22/18"
"13 Reasons Why: Season 1: Tape 3, Side A","5/22/18"
"13 Reasons Why: Season 1: Tape 3, Side B","5/22/18"
"Parks and Recreation: Season 2: Practice Date","5/21/18"
"Parks and Recreation: Season 2: The Stakeout","5/20/18"
"Ali Wong: Hard Knock Wife","5/20/18"
"Parks and Recreation: Season 2: Pawnee Zoo","5/20/18"
"13 Reasons Why: Season 1: Tape 2, Side B","5/18/18"
"13 Reasons Why: Season 1: Tape 2, Side A","5/18/18"
"Parks and Recreation: Rock Show","5/18/18"
"Parks and Recreation: The Banquet","5/18/18"
"13 Reasons Why: Season 1: Tape 1, Side B","5/18/18"
"13 Reasons Why: Season 1: Tape 1, Side A","5/18/18"
"Parks and Recreation: Boys' Club","5/17/18"
"Parks and Recreation: The Reporter","5/17/18"
"Parks and Recreation: Canvassing","5/17/18"
"The Rain: Season 1: Stay Inside","5/17/18"
"Parks and Recreation: Pilot","5/15/18"
"Evil Genius: the True Story of America's Most Diabolical Bank Heist: Limited Series: Part 4: The Confessions","5/15/18"
"Evil Genius: the True Story of America's Most Diabolical Bank Heist: Limited Series: Part 3: The Suspects","5/15/18"
"Evil Genius: the True Story of America's Most Diabolical Bank Heist: Limited Series: Part 2: The Frozen Body","5/15/18"
"Evil Genius: the True Story of America's Most Diabolical Bank Heist: Limited Series: Part 1: The Heist","5/15/18"
"The Office (U.S.): Season 9: Finale","5/15/18"
"The Office (U.S.): Season 9: A.A.R.M","5/15/18"
"The Office (U.S.): Season 9: Livin' the Dream","5/14/18"
"The Office (U.S.): Season 9: Paper Airplane","5/14/18"
"The Office (U.S.): Season 9: Stairmageddon","5/14/18"
"The Office (U.S.): Season 9: Promos","5/13/18"
"The Office (U.S.): Season 9: The Farm","5/13/18"
"The Office (U.S.): Season 9: Moving On","5/13/18"
"The Office (U.S.): Season 9: Couple's Discount","5/12/18"
"The Office (U.S.): Season 9: Vandalism","5/12/18"
"The Office (U.S.): Season 9: Junior Salesman","5/12/18"
"The Office (U.S.): Season 9: Customer Loyalty","5/12/18"
"The Office (U.S.): Season 9: Suit Warehouse","5/12/18"
"The Office (U.S.): Season 9: Lice","5/11/18"
"Star Trek: Voyager: Eye of the Needle","5/11/18"
"The Office (U.S.): Season 9: Dwight Christmas","5/9/18"
"The Office (U.S.): Season 9: The Target","5/9/18"
"The Office (U.S.): Season 9: The Whale","5/8/18"
"The Office (U.S.): Season 9: The Boat","5/8/18"
"The Office (U.S.): Season 9: Here Comes Treble","5/8/18"
"Star Trek: Voyager: Season 2: Persistence of Vision","5/7/18"
"Star Trek: Voyager: Season 2: Parturition","5/7/18"
"Come Sunday","5/7/18"
"A Question of Faith","5/7/18"
"Grace and Frankie: Season 4: The Tappys","5/6/18"
"Grace and Frankie: Season 4: The Scavengender Hunt","5/6/18"
"Grace and Frankie: Season 4: The Lodger","5/6/18"
"Star Trek: Voyager: Season 2: Twisted","5/6/18"
"Star Trek: Voyager: Season 2: Non Sequitur","5/6/18"
"Star Trek: Voyager: Season 2: Elogium","5/6/18"
"Star Trek: Voyager: Season 2: Projections","5/6/18"
"Star Trek: Voyager: Season 2: Initiations","5/6/18"
"Grace and Frankie: Season 3: The Sign","5/5/18"
"Grace and Frankie: Season 3: The Musical","5/5/18"
"Flint Town: Season 1: Two Guns","5/3/18"
"The Office (U.S.): Season 9: Work Bus","5/3/18"
"The Office (U.S.): Season 9: Andy's Ancestry","5/3/18"
"The Office (U.S.): Season 9: Roy's Wedding","5/3/18"
"The Office (U.S.): Season 9: New Guys","5/3/18"
"The Office (U.S.): Season 8: Free Family Portrait Studio","5/3/18"
"The Office (U.S.): Season 8: Turf War","5/3/18"
"The Office (U.S.): Season 8: Fundraiser","5/3/18"
"The Office (U.S.): Season 8: Angry Andy","5/3/18"
"The Office (U.S.): Season 8: Welcome Party","5/3/18"
"The Office (U.S.): Season 8: Get the Girl","5/2/18"
"The Office (U.S.): Season 8: Last Day in Florida","5/2/18"
"The Office (U.S.): Season 8: Test the Store","5/2/18"
"The Office (U.S.): Season 8: After Hours","5/2/18"
"The Office (U.S.): Season 8: Tallahassee","5/2/18"
"3%: Season 1: Chapter 01: Cubes","5/1/18"
"The Office (U.S.): Season 8: Special Project","5/1/18"
"The Office (U.S.): Season 8: Jury Duty","5/1/18"
"The Office (U.S.): Season 8: Pool Party","5/1/18"
"The Office (U.S.): Season 8: Trivia","5/1/18"
"The Office (U.S.): Season 8: Christmas Wishes","5/1/18"
"The Office (U.S.): Season 8: Mrs. California","4/30/18"
"The Office (U.S.): Season 8: Gettysburg","4/30/18"
"The Office (U.S.): Season 8: Pam's Replacement","4/30/18"
"The Office (U.S.): Season 8: Doomsday","4/30/18"
"The Office (U.S.): Season 8: Spooked","4/30/18"
"The Office (U.S.): Season 8: Garden Party","4/30/18"
"The Office (U.S.): Season 8: Lotto","4/30/18"
"The Office (U.S.): Season 8: The Incentive","4/30/18"
"The Office (U.S.): Season 8: The List","4/30/18"
"The Office (U.S.): Season 7: Search Committee: Part 2","4/30/18"
"The Office (U.S.): Season 7: Search Committee: Part 1","4/30/18"
"The Office (U.S.): Season 7: Dwight K. Schrute, (Acting) Manager","4/29/18"
"The Office (U.S.): Season 7: The Inner Circle","4/29/18"
"The Office (U.S.): Season 7: Goodbye, Michael","4/29/18"
"The Office (U.S.): Season 7: Michael's Last Dundies","4/29/18"
"The Office (U.S.): Season 7: Training Day","4/29/18"
"The Office (U.S.): Season 7: The Search","4/29/18"
"The Office (U.S.): Season 7: Garage Sale","4/28/18"
"The Office (U.S.): Season 7: Todd Packer","4/28/18"
"The Office (U.S.): Season 7: Threat Level Midnight","4/28/18"
"The Office (U.S.): Season 7: PDA","4/28/18"
"The Office (U.S.): Season 7: The Seminar","4/28/18"
"The Office (U.S.): Season 7: Ultimatum","4/28/18"
"The Office (U.S.): Season 7: Classy Christmas: Part 2","4/28/18"
"The Office (U.S.): Season 7: Classy Christmas: Part 1","4/28/18"
"The Office (U.S.): Season 7: China","4/27/18"
"The Office (U.S.): Season 7: WUPHF.com","4/27/18"
"The Office (U.S.): Season 7: Viewing Party","4/26/18"
"The Office (U.S.): Season 7: Christening","4/26/18"
"The Office (U.S.): Season 7: Costume Contest","4/26/18"
"The Office (U.S.): Season 7: The Sting","4/26/18"
"The Office (U.S.): Season 7: Sex Ed","4/26/18"
"The Office (U.S.): Season 7: Andy's Play","4/25/18"
"The Office (U.S.): Season 7: Counseling","4/25/18"
"The Office (U.S.): Season 7: Nepotism","4/23/18"
"The Office (U.S.): Season 6: Whistleblower","4/23/18"
"The Office (U.S.): Season 6: The Chump","4/22/18"
"MINDHUNTER: Season 1: Episode 1","4/22/18"
"Lost in Space: Season 1: Impact","4/20/18"
"The Office (U.S.): Season 6: The Cover-Up","4/20/18"
"The Office (U.S.): Season 6: Body Language","4/18/18"
"The Office (U.S.): Season 6: Secretary's Day","4/18/18"
"The Office (U.S.): Season 6: Happy Hour","4/17/18"
"The Office (U.S.): Season 6: New Leads","4/17/18"
"The Office (U.S.): Season 6: St. Patrick's Day","4/14/18"
"The Office (U.S.): Season 6: Delivery: Part 2","4/11/18"
"The Office (U.S.): Season 6: Delivery: Part 1","4/11/18"
"The Office (U.S.): Season 6: Manager and the Salesman","4/5/18"
"The Office (U.S.): Season 6: Sabre","4/5/18"
"The Office (U.S.): Season 6: The Banker","4/4/18"
"The Office (U.S.): Season 6: Secret Santa","4/4/18"
"The Office (U.S.): Season 6: Scott's Tots","4/4/18"
"The Office (U.S.): Season 6: Shareholder Meeting","4/4/18"
"The Office (U.S.): Season 6: Murder","4/4/18"
"The Office (U.S.): Season 6: Double Date","4/4/18"
"The Office (U.S.): Season 6: Koi Pond","4/4/18"
"The Office (U.S.): Season 6: The Meeting","4/4/18"
"The Office (U.S.): Season 6: The Lover","4/2/18"
"The Office (U.S.): Season 6: Mafia","4/2/18"
"The Office (U.S.): Season 6: Niagara: Part 2","4/2/18"
"The Office (U.S.): Season 6: Niagara: Part 1","4/2/18"
"The Mechanism: Season 1: Jet Wash","4/2/18"
"The Office (U.S.): Season 6: The Promotion","3/31/18"
"The Office (U.S.): Season 6: Gossip","3/31/18"
"The Office (U.S.): Season 5: Company Picnic","3/31/18"
"The Office (U.S.): Season 5: Cafe Disco","3/31/18"
"The Office (U.S.): Season 5: Casual Friday","3/31/18"
"The Office (U.S.): Season 5: Broke","3/30/18"
"The Office (U.S.): Season 5: Heavy Competition","3/30/18"
"The Office (U.S.): Season 5: Michael Scott Paper Company","3/29/18"
"The Office (U.S.): Season 5: Dream Team","3/29/18"
"The Office (U.S.): Season 5: Two Weeks","3/29/18"
"The Office (U.S.): Season 5: New Boss","3/29/18"
"The Office (U.S.): Season 5: Golden Ticket","3/29/18"
"The Office (U.S.): Season 5: Blood Drive","3/29/18"
"The Office (U.S.): Season 5: Lecture Circuit: Part 2","3/28/18"
"The Office (U.S.): Season 5: Lecture Circuit: Part 1","3/28/18"
"The Office (U.S.): Season 5: Stress Relief: Part 2","3/28/18"
"The Office (U.S.): Season 5: Stress Relief: Part 1","3/28/18"
"The Office (U.S.): Season 5: Prince Family Paper","3/28/18"
"The Office (U.S.): Season 5: The Duel","3/27/18"
"The Office (U.S.): Season 5: Moroccan Christmas","3/27/18"
"The Office (U.S.): Season 5: The Surplus","3/27/18"
"The Office (U.S.): Season 5: Frame Toby","3/27/18"
"The Office (U.S.): Season 5: Business Trip","3/27/18"
"The Office (U.S.): Season 5: Customer Survey","3/27/18"
"The Office (U.S.): Season 5: Employee Transfer","3/27/18"
"The Office (U.S.): Season 5: Crime Aid","3/27/18"
"The Office (U.S.): Season 5: Baby Shower","3/27/18"
"The Office (U.S.): Season 5: Business Ethics","3/27/18"
"The Office (U.S.): Season 5: Weight Loss: Part 2","3/27/18"
"The Office (U.S.): Season 5: Weight Loss: Part 1","3/27/18"
"The Office (U.S.): Season 4: Goodbye, Toby","3/27/18"
"The Office (U.S.): Season 4: Job Fair","3/26/18"
"The Office (U.S.): Season 4: Did I Stutter","3/25/18"
"The Office (U.S.): Season 4: Night Out","3/25/18"
"The Office (U.S.): Season 4: The Chair Model","3/25/18"
"Santa Clarita Diet: Season 1: So Then a Bat or a Monkey","3/25/18"
"The Office (U.S.): Season 4: Dinner Party","3/25/18"
"The Office (U.S.): Season 4: The Deposition","3/25/18"
"The Office (U.S.): Season 4: Survivor Man","3/25/18"
"The Office (U.S.): Season 4: Branch Wars","3/25/18"
"The Office (U.S.): Season 4: Local Ad","3/24/18"
"The Office (U.S.): Season 4: Money","3/24/18"
"The Office (U.S.): Season 4: Launch Party","3/24/18"
"The Office (U.S.): Season 4: Dunder Mifflin Infinity","3/24/18"
"The Office (U.S.): Season 4: Fun Run","3/23/18"
"The Office (U.S.): Season 3: The Job","3/23/18"
"The Office (U.S.): Season 3: Beach Games","3/23/18"
"The Office (U.S.): Season 3: Women's Appreciation","3/23/18"
"The Office (U.S.): Season 3: Product Recall","3/23/18"
"The Office (U.S.): Season 3: Safety Training","3/23/18"
"The Office (U.S.): Season 3: The Negotiation","3/23/18"
"The Office (U.S.): Season 3: Cocktails","3/23/18"
"The Office (U.S.): Season 3: Business School","3/22/18"
"The Office (U.S.): Season 3: Phyllis's Wedding","3/22/18"
"The Office (U.S.): Season 3: Ben Franklin","3/22/18"
"The Office (U.S.): Season 3: The Return","3/22/18"
"The Office (U.S.): Season 3: Traveling Salesmen","3/22/18"
"The Office (U.S.): Season 3: Back from Vacation","3/22/18"
"The Office (U.S.): Season 3: A Benihana Christmas","3/22/18"
"The Office (U.S.): Season 3: The Convict","3/21/18"
"The Office (U.S.): Season 3: The Merger","3/21/18"
"The Office (U.S.): Season 3: Branch Closing","3/21/18"
"The Office (U.S.): Season 3: Diwali","3/21/18"
"The Office (U.S.): Season 3: Initiation","3/20/18"
"The Office (U.S.): Season 3: Grief Counseling","3/20/18"
"The Office (U.S.): Season 3: The Coup","3/20/18"
"The Office (U.S.): Season 3: The Convention","3/20/18"
"The Office (U.S.): Season 3: Gay Witch Hunt","3/20/18"
"The Office (U.S.): Season 2: Casino Night","3/20/18"
"The Office (U.S.): Season 2: Conflict Resolution","3/20/18"
"The Office (U.S.): Season 2: Drug Testing","3/20/18"
"The Office (U.S.): Season 2: Michael's Birthday","3/20/18"
"The Office (U.S.): Season 2: Take Your Daughter to Work Day","3/20/18"
"The Office (U.S.): Season 2: Dwight's Speech","3/19/18"
"The Office (U.S.): Season 2: Valentine's Day","3/19/18"
"The Office (U.S.): Season 2: Boys and Girls","3/19/18"
"The Office (U.S.): Season 2: The Carpet","3/19/18"
"Flint Town: Season 1: Welcome to Flint Town","3/18/18"
"The Office (U.S.): Season 2: The Secret","3/18/18"
"The Office (U.S.): Season 2: The Injury","3/18/18"
"The Office (U.S.): Season 2: Booze Cruise","3/18/18"
"The Office (U.S.): Season 2: Christmas Party","3/18/18"
"The Office (U.S.): Season 2: Email Surveillance","3/18/18"
"The Office (U.S.): Season 2: Performance Review","3/18/18"
"Altered Carbon: Season 1: The Killers","3/18/18"
"Take Your Pills","3/18/18"
"Altered Carbon: Season 1: Rage in Heaven","3/18/18"
"Altered Carbon: Season 1: Clash by Night","3/18/18"
"The Office (U.S.): Season 2: The Client","3/18/18"
"The Office (U.S.): Season 2: The Fight","3/18/18"
"The Office (U.S.): Season 2: Halloween","3/18/18"
"The Office (U.S.): Season 2: The Fire","3/18/18"
"The Office (U.S.): Season 2: Office Olympics","3/18/18"
"The Office (U.S.): Season 2: Sexual Harassment","3/17/18"
"The Office (U.S.): Season 2: The Dundies","3/17/18"
"The Office (U.S.): Hot Girl","3/17/18"
"The Office (U.S.): Basketball","3/17/18"
"The Office (U.S.): The Alliance","3/17/18"
"The Office (U.S.): Health Care","3/17/18"
"The Office (U.S.): Diversity Day","3/17/18"
"The Office (U.S.): Pilot","3/17/18"
"The Joel McHale Show with Joel McHale: Season 1 Part 1: Roller Coaster?","3/17/18"
"The World's Most Extraordinary Homes: Forest","3/17/18"
"The World's Most Extraordinary Homes: Mountain","3/17/18"
"Altered Carbon: Season 1: Nora Inu","3/14/18"
"Altered Carbon: Season 1: Man with My Face","3/14/18"
"Altered Carbon: Season 1: The Wrong Man","3/14/18"
"Altered Carbon: Season 1: Force of Evil","3/13/18"
"Altered Carbon: Season 1: In a Lonely Place","3/13/18"
"Altered Carbon: Season 1: Fallen Angel","3/6/18"
"Seven Seconds: That What Follows","3/1/18"
"Seven Seconds: Matters of Life and Death","3/1/18"
"Seven Seconds: Brenton's Breath","3/1/18"
"Seven Seconds: Pilot","3/1/18"
"Altered Carbon: Season 1: Out of the Past","2/24/18"
"Manhunt: Unabomber: USA vs. Theodore J. Kaczynski","2/21/18"
"Manhunt: Unabomber: Lincoln","2/20/18"
"Manhunt: Unabomber: Ted","2/20/18"
"Manhunt: Unabomber: Abri","2/20/18"
"Manhunt: Unabomber: Publish or Perish","2/20/18"
"Manhunt: Unabomber: Fruit of the Poisonous Tree","2/20/18"
"Manhunt: Unabomber: Pure Wudder","2/20/18"
"Manhunt: Unabomber: UNABOM","2/19/18"
"Joyful Noise","2/17/18"
"Glee: Season 4: Wonder-ful","2/17/18"
"The Bible: The Epic Miniseries: Exodus","2/17/18"
"The Bible: The Epic Miniseries: In the Beginning","2/17/18"
"Schitt's Creek: Season 1: Allez-Vous","2/17/18"
"Schitt's Creek: Season 1: Turkey Shoot","2/17/18"
"Schitt's Creek: Season 1: Wine and Roses","2/17/18"
"Schitt's Creek: Season 1: The Cabin","2/17/18"
"Schitt's Creek: Season 1: Bad Parents","2/17/18"
"Schitt's Creek: Season 1: Don't Worry, It's His Sister","2/17/18"
"Schitt's Creek: Season 1: The Drip","2/17/18"
"Schitt's Creek: Season 1: Our Cup Runneth Over","2/17/18"
"Masterminds","2/17/18"
"Love Per Square Foot","2/17/18"
"Father Brown: The Flying Stars","2/17/18"
"Father Brown: The Hammer of God","2/17/18"
"The Hateful Eight","2/17/18"
"The Hurt Locker","2/13/18"
"6 Days","2/10/18"
"Snow on Tha Bluff","2/10/18"
"Dave Chappelle: Equanimity & The Bird Revelation: Collection: Dave Chappelle: Equanimity","2/8/18"
"Dave Chappelle: Collection: The Age of Spin: Dave Chappelle Live at The Hollywood Palladium","2/2/18"
"Black Mirror: Season 1: Fifteen Million Merits","1/31/18"
"Dope: Season 1: Is It Dangerous? Absolutely It's Dangerous","1/8/18"
"Dope: Season 1: Even if They Didn't Pay Me, I'd Still Do It","1/7/18"
"Peaky Blinders: Season 1: Episode 1","1/6/18"
"Dope: Season 1: Once You See It, You Can Never Unsee It","1/6/18"
"Dope: Season 1: America's Cup of Coffee","1/6/18"
"Broadchurch: Season 3: Episode 1","1/2/18"
"Bright","12/27/17"
"Unbreakable Kimmy Schmidt: Season 1: Kimmy Goes to the Doctor!","12/5/17"
"Unbreakable Kimmy Schmidt: Season 1: Kimmy Goes on a Date!","12/5/17"
"Unbreakable Kimmy Schmidt: Season 1: Kimmy Gets a Job!","12/5/17"
"Unbreakable Kimmy Schmidt: Season 1: Kimmy Goes Outside!","12/5/17"
"Revenge of the Bridesmaids","12/5/17"
"Broadchurch: Season 2: Episode 8","12/5/17"
"Futurama: Season 7: The Late Philip J. Fry","11/5/17"
"Futurama: Season 7: Lethal Inspection","11/5/17"
"Futurama: Season 7: The Duh-Vinci Code","11/3/17"
"Futurama: Season 7: Proposition Infinity","11/3/17"
"Futurama: Season 7: Attack of the Killer App","11/3/17"
"Futurama: Season 7: In-A-Gadda-Da-Leela","11/3/17"
"Futurama: Season 7: Rebirth","10/29/17"
"Futurama: Season 10: Meanwhile","10/29/17"
"Futurama: Season 10: Stench and Stenchibility","10/29/17"
"Futurama: Season 10: Murder On the Planet Express","10/29/17"
"Futurama: Season 10: Game of Tones","10/29/17"
"Futurama: Season 10: Leela and the Genestalk","10/28/17"
"Futurama: Season 10: Assie Come Home","10/28/17"
"Futurama: Season 10: Calculon 2.0","10/28/17"
"Futurama: Season 10: Saturday Morning Fun Pit","10/28/17"
"Futurama: Season 10: The Inhuman Torch","10/28/17"
"Futurama: Season 9: Naturama","10/28/17"
"Futurama: Season 9: Viva Mars Vegas","10/28/17"
"Wanted: Season 1: Chelsea and Lola","10/28/17"
"Futurama: Season 9: 31st Century Fox","10/28/17"
"Futurama: Season 9: Near-Death Wish","10/28/17"
"Futurama: Season 9: Free Will Hunting","10/28/17"
"Futurama: Season 9: Fun on a Bun","10/28/17"
"Futurama: Season 9: The Six Million Dollar Mon","10/28/17"
"Futurama: Season 9: The Butterjunk Effect","10/28/17"
"Futurama: Season 9: Zapp Dingbat","10/28/17"
"Futurama: Season 9: The Thief of Baghead","10/28/17"
"Futurama: Season 9: Decision 3012","10/28/17"
"Futurama: Season 9: A Farewell to Arms","10/28/17"
"Futurama: Season 9: The Bots and the Bees","10/28/17"
"Futurama: Season 8: Reincarnation","10/28/17"
"Futurama: Season 8: Overclockwise","10/28/17"
"Futurama: Season 8: Cold Warriors","10/28/17"
"Futurama: Season 8: All the Presidents' Heads","10/28/17"
"Futurama: Season 8: Fry Am the Egg Man","10/28/17"
"Futurama: Season 8: Yo Leela Leela","10/28/17"
"Futurama: Season 8: Neutopia","10/28/17"
"Futurama: Season 8: Ghost in the Machines","10/28/17"
"Futurama: Season 8: The Tip of the Zoidberg","10/27/17"
"Futurama: Season 8: Benderama","10/27/17"
"Futurama: Season 8: Law & Oracle","10/27/17"
"Futurama: Season 8: Mobius Dick","10/27/17"
"Futurama: Season 8: The Silence of the Clamps","10/27/17"
"Futurama: Season 7: Holiday Spectacular","10/27/17"
"Futurama: Season 7: The Mutants Are Revolting","10/27/17"
"Futurama: Season 7: Lrrreconcilable Ndndifferences","10/27/17"
"Futurama: Season 7: The Prisoner of Benda","10/27/17"
"Futurama: Season 7: A Clockwork Origin","10/27/17"
"Futurama: Season 7: That Darn Katz!","10/27/17"
"The Killing: Orpheus Descending","10/26/17"
"The Killing: Beau Soleil","10/26/17"
"The Killing: Missing","10/26/17"
"The Killing: I'll Let You Know When I Get There","10/26/17"
"Futurama: Season 10: Forty Percent Leadbelly","10/26/17"
"Futurama: Season 10: T.: The Terrestrial","10/26/17"
"Futurama: Season 10: Fry and Leela's Big Fling","10/25/17"
"The Killing: Undertow","10/25/17"
"The Killing: Stonewalled","10/25/17"
"The Killing: Vengeance","10/25/17"
"The Killing: What You Have Left","10/25/17"
"The Killing: Super 8","10/25/17"
"Futurama: Season 10: 2-D Blacktop","10/25/17"
"The Killing: A Soundless Echo","10/25/17"
"The Killing: El Diablo","10/24/17"
"The Killing: The Cage","10/23/17"
"The Killing: Pilot","10/23/17"
"Family Guy: Season 14: Road to India","10/23/17"
"Family Guy: Season 14: Run, Chris, Run","10/23/17"
"Family Guy: Season 14: The New Adventures of Old Tom","10/23/17"
"Family Guy: Season 14: Take a Letter","10/23/17"
"Family Guy: Season 14: The Heartbreak Dog","10/23/17"
"Family Guy: Season 14: A Lot Going on Upstairs","10/23/17"
"Family Guy: Season 14: Underage Peter","10/23/17"
"Family Guy: Season 14: An App a Day","10/23/17"
"Family Guy: Season 14: Scammed Yankees","10/23/17"
"Family Guy: Season 14: The Peanut Butter Kid","10/23/17"
"Family Guy: Season 14: Candy, Quahog Marshmallow","10/23/17"
"Family Guy: Season 14: A Shot in the Dark","10/23/17"
"Family Guy: Season 14: Brokeback Swanson","10/23/17"
"Family Guy: Season 14: Hot Pocket-Dial","10/23/17"
"Family Guy: Season 14: Peter's Sister","10/23/17"
"Family Guy: Season 14: Peter, Chris & Brian","10/22/17"
"Family Guy: Season 14: Peternormal Activity","10/22/17"
"Family Guy: Season 14: Guy, Robot","10/22/17"
"Family Guy: Season 14: Papa Has a Rollin' Son","10/22/17"
"Family Guy: Season 14: Pilling Them Softly","10/22/17"
"Family Guy: Season 13: Take My Wife","10/22/17"
"Family Guy: Season 13: Fighting Irish","10/22/17"
"Family Guy: Season 13: Roasted Guy","10/22/17"
"Family Guy: Season 13: Once Bitten","10/22/17"
"Family Guy: Season 13: #JOLO","10/22/17"
"Family Guy: Season 13: Dr. C & the Women","10/22/17"
"Family Guy: Season 13: Stewie Is Enceinte","10/22/17"
"Family Guy: Season 13: Encyclopedia Griffin","10/22/17"
"Family Guy: Season 13: Quagmire's Mom","10/22/17"
"Family Guy: Season 13: This Little Piggy","10/22/17"
"Family Guy: Season 13: Our Idiot Brian","10/22/17"
"Family Guy: Season 13: Stewie, Chris & Brian's Excellent Adventure","10/22/17"
"Family Guy: Season 13: The 2000-Year-Old Virgin","10/22/17"
"Family Guy: Season 13: Turkey Guys","10/22/17"
"Family Guy: Season 13: Brian the Closer","10/22/17"
"Family Guy: Season 13: Baking Bad","10/22/17"
"Family Guy: Season 13: Book of Joe","10/22/17"
"Family Guy: Season 13: The Simpsons Guy: Part 2","10/22/17"
"Family Guy: Season 13: The Simpsons Guy: Part 1","10/22/17"
"Family Guy: Season 12: Chap Stewie","10/22/17"
"Family Guy: Season 12: He's Bla-Ack!","10/22/17"
"Family Guy: Season 12: Meg Stinks!","10/22/17"
"Family Guy: Season 12: Baby Got Black","10/22/17"
"Family Guy: Season 12: The Most Interesting Man in the World","10/22/17"
"Family Guy: Season 12: Harpe the Love Sore","10/22/17"
"Family Guy: Season 12: Secondhand Spoke","10/22/17"
"Family Guy: Season 12: Fresh Heir","10/22/17"
"Family Guy: Season 12: 3 Acts of God","10/22/17"
"Family Guy: Season 12: Mom's the Word","10/22/17"
"Family Guy: Season 12: Brian's a Bad Father","10/22/17"
"Family Guy: Season 12: Grimm Job","10/22/17"
"Family Guy: Season 12: Peter Problems","10/22/17"
"Family Guy: Season 12: Christmas Guy","10/22/17"
"Family Guy: Season 12: Into Harmony's Way","10/22/17"
"Family Guy: Season 12: Life of Brian","10/22/17"
"Family Guy: Season 12: Boopa-Dee Bappa-Dee","10/22/17"
"Family Guy: Season 12: A Fistful of Meg","10/22/17"
"Family Guy: Season 12: Quagmire's Quagmire","10/21/17"
"Family Guy: Season 12: Vestigial Peter","10/21/17"
"Family Guy: Season 12: Finders Keepers","10/21/17"
"Family Guy: Season 10: Mr. and Mrs. Stewie","10/21/17"
"Family Guy: Season 10: You Can't Do That on Television, Peter","10/21/17"
"Family Guy: Season 10: Forget-Me-Not","10/21/17"
"Family Guy: Season 10: Killer Queen","10/21/17"
"Family Guy: Season 10: Burning Down the Bayit","10/21/17"
"Family Guy: Season 10: Be Careful What You Fish For","10/21/17"
"Family Guy: Season 10: Tom Tucker: The Man and His Dream","10/21/17"
"Family Guy: Season 10: Livin' on a Prayer","10/20/17"
"Family Guy: Season 10: The Blind Side","10/20/17"
"Real Rob: Season 1: The Penis Episode: Part I","10/20/17"
"Real Rob: Season 1: Pilot","10/20/17"
"Family Guy: Season 10: Quagmire and Meg","10/15/17"
"Family Guy: Season 10: Grumpy Old Man","10/15/17"
"Family Guy: Season 10: Cool Hand Peter","10/15/17"
"Family Guy: Season 10: Amish Guy","10/15/17"
"Family Guy: Season 10: Thanksgiving","10/15/17"
"Family Guy: Season 10: Back to the Pilot","10/15/17"
"Family Guy: Season 10: Lottery Fever","10/15/17"
"Schitt's Creek: Season 3: Motel Review","10/15/17"
"Family Guy: Season 9: It's a Trap","10/14/17"
"Family Guy: Season 9: Foreign Affairs","10/14/17"
"Family Guy: Season 9: The Big Bang Theory","10/14/17"
"Schitt's Creek: Season 3: General Store","10/14/17"
"Schitt's Creek: Season 3: Murder Mystery","10/14/17"
"Family Guy: Season 9: Brothers & Sisters","10/14/17"
"Family Guy: Season 9: Tiegs for Two","10/14/17"
"Family Guy: Season 9: New Kidney in Town","10/14/17"
"Family Guy: Season 9: German Guy","10/14/17"
"Family Guy: Season 9: Friends of Peter G","10/14/17"
"Family Guy: Season 9: And I'm Joyce Kinney","10/14/17"
"Family Guy: Season 9: Road to the North Pole Part 2","10/14/17"
"Family Guy: Season 9: Road to the North Pole Part 1","10/13/17"
"Schitt's Creek: Season 3: Rooms by the Hour","10/13/17"
"Schitt's Creek: Season 3: Driving Test","10/13/17"
"Schitt's Creek: Season 3: New Car","10/12/17"
"Schitt's Creek: Season 3: The Throuple","10/12/17"
"Schitt's Creek: Season 3: Opening Night","10/12/17"
"Schitt's Creek: Season 2: Happy Anniversary","10/12/17"
"Schitt's Creek: Season 2: Lawn Signs","10/12/17"
"Schitt's Creek: Season 2: The Motel Guest","10/12/17"
"Schitt's Creek: Season 2: Ronnie's Party","10/12/17"
"Family Guy: Season 9: Brian Writes a Bestseller","10/12/17"
"Bordertown: Viva Coyote","10/12/17"
"Bordertown: American Doll","10/12/17"
"Bordertown: La Fiesta Noche Show","10/12/17"
"Bordertown: Wildfire","10/12/17"
"Schitt's Creek: Season 2: Moira's Nudes","10/12/17"
"Schitt's Creek: Season 2: Milk Money","10/12/17"
"Schitt's Creek: Season 2: The Candidate","10/11/17"
"Schitt's Creek: Season 2: Moira vs. Town Council","10/11/17"
"Schitt's Creek: Season 2: Bob's Bagels","10/11/17"
"Schitt's Creek: Season 2: Estate Sale","10/11/17"
"Schitt's Creek: Season 2: Jazzagals","10/11/17"
"Schitt's Creek: Season 2: Family Dinner","10/11/17"
"Schitt's Creek: Season 2: Finding David","10/11/17"
"Schitt's Creek: Season 1: Town for Sale","10/11/17"
"Schitt's Creek: Season 1: Surprise Party","10/10/17"
"Schitt's Creek: Season 1: Little Sister","10/10/17"
"Bordertown: Heart Attack","10/10/17"
"Bordertown: Santa Ana Winds","10/10/17"
"Schitt's Creek: Season 1: Honeymoon","10/10/17"
"Schitt's Creek: Season 1: Carl's Funeral","10/10/17"
"The Blacklist: Season 4: Mr. Kaplan (No. 4): Conclusion","10/8/17"
"The Blacklist: Season 4: Mr. Kaplan (No. 4)","10/8/17"
"Brickleberry: Season 2: Brickleberry Trailer Park","10/8/17"
"Brickleberry: Season 2: Woody's Girl","10/8/17"
"Brickleberry: Season 2: The Comeback","10/8/17"
"Brickleberry: Season 2: Miracle Lake","10/8/17"
"Brickleberry: The Dam Show","10/8/17"
"Brickleberry: Daddy Issues","10/8/17"
"Brickleberry: Steve's Bald?","10/8/17"
"Brickleberry: Hello Dottie","10/8/17"
"Brickleberry: Gay Bomb","10/8/17"
"Brickleberry: Race Off!","10/8/17"
"Brickleberry: Squabbits","10/8/17"
"Brickleberry: Saved By the Balls","10/8/17"
"Brickleberry: 2 Weeks Notice","10/8/17"
"Brickleberry: Welcome to Brickleberry","10/8/17"
"Bordertown: Drug Lord","10/8/17"
"Bordertown: J.C. Strikes","10/8/17"
"Bordertown: Groundhog Day","10/7/17"
"The Blacklist: Season 4: The Debt Collector (No. 46)","10/7/17"
"Family Guy: Season 9: Baby You Knock Me Out","10/7/17"
"Family Guy: Season 9: Halloween on Spooner Street","10/7/17"
"The Blacklist: Season 4: Dr. Bogdan Krilov (No. 29)","10/6/17"
"Bordertown: High School Football","10/5/17"
"Bordertown: Megachurch","10/5/17"
"Family Guy: Season 9: Welcome Back Carter","10/5/17"
"Family Guy: Season 9: Excellence in Broadcasting","10/5/17"
"Family Guy: Season 9: And Then There Were Fewer Part 2","10/5/17"
"Family Guy: Season 9: And Then There Were Fewer Part 1","10/5/17"
"Family Guy: Season 8: Partial Terms of Endearment","10/5/17"
"Family Guy: Season 8: Something, Something, Something Dark Side","10/5/17"
"Family Guy: Season 8: The Splendid Source","10/5/17"
"Family Guy: Season 8: Quagmire's Dad","10/5/17"
"Family Guy: Season 8: Brian & Stewie","10/5/17"
"The Blacklist: Season 4: Philomena (No. 61)","10/4/17"
"Bordertown: Borderwall","10/4/17"
"Bordertown: The Engagement","10/4/17"
"Family Guy: Season 8: April in Quahog","10/4/17"
"Family Guy: Season 8: Brian Griffin's House of Payne","10/4/17"
"Family Guy: Season 8: Peter-assment","10/4/17"
"Family Guy: Season 8: Go Stewie, Go!","10/4/17"
"Family Guy: Season 8: Extra-Large Medium","10/4/17"
"Family Guy: Season 8: Dial Meg for Murder","10/4/17"
"Family Guy: Season 8: Big Man on Hippocampus","10/4/17"
"Family Guy: Season 8: Business Guy","10/4/17"
"Family Guy: Season 8: Dog Gone","10/4/17"
"Family Guy: Season 8: Jerome Is the New Black","10/4/17"
"The Blacklist: Season 4: Requiem","10/3/17"
"The Blacklist: Season 4: Dembe Zuma (No. 10)","10/2/17"
"The Blacklist: Season 4: The Apothecary (No. 59)","10/2/17"
"The Blacklist: Season 4: The Architect (No. 107)","10/1/17"
"The Blacklist: Season 4: Isabella Stone (No. 34)","10/1/17"
"The Blacklist: Season 4: Natalie Luca (No. 184)","10/1/17"
"Family Guy: Season 8: Quagmire's Baby","10/1/17"
"The Blacklist: Season 4: The Harem (No. 102)","9/30/17"
"The Blacklist: Season 4: The Forecaster (No. 163)","9/30/17"
"Family Guy: Season 8: Hannah Banana","9/30/17"
"Family Guy: Season 8: Brian's Got a Brand New Bag","9/30/17"
"Family Guy: Season 8: Spies Reminiscent of Us","9/30/17"
"Family Guy: Season 8: Family Goy","9/29/17"
"Family Guy: Season 8: Road to Multiverse","9/29/17"
"The Blacklist: Season 4: Lipet's Seafood Company (No. 111)","9/29/17"
"The Blacklist: Season 4: Dr. Adrian Shaw (No. 98): Conclusion","9/29/17"
"The Blacklist: Season 4: Dr. Adrian Shaw (No. 98)","9/29/17"
"Family Guy: Season 7: Peter's Progress","9/29/17"
"Family Guy: Season 7: Three Kings","9/29/17"
"Family Guy: Season 7: We Love You, Conrad","9/29/17"
"Family Guy: Season 7: Stew-roids","9/29/17"
"Family Guy: Season 7: Episode 420","9/29/17"
"Family Guy: Season 7: Not All Dogs Go to Heaven","9/29/17"
"Family Guy: Season 7: Fox-y Lady","9/29/17"
"Family Guy: Season 7: The Juice Is Loose","9/29/17"
"Family Guy: Season 7: Family Gay","9/29/17"
"Family Guy: Season 7: Ocean's 3 1/2","9/29/17"
"Family Guy: Season 7: Tales of a Third Grade Nothing","9/29/17"
"Family Guy: Season 7: The Man with Two Brians","9/28/17"
"The Blacklist: Season 4: The Thrushes (No. 53)","9/28/17"
"The Blacklist: Season 4: The Lindquist Concern (No. 105)","9/28/17"
"The Blacklist: Season 4: Gaia (No. 81)","9/28/17"
"The Blacklist: Season 4: Miles McGrath (No. 65)","9/27/17"
"The Blacklist: Season 4: Mato (No. 66)","9/25/17"
"The Blacklist: Season 4: Esteban (No. 79)","9/25/17"
"The Blacklist: Season 3: Alexander Kirk (No. 14): Conclusion","9/24/17"
"The Blacklist: Season 3: Alexander Kirk (No. 14)","9/23/17"
"The Blacklist: Season 3: Susan Hargrave","9/23/17"
"The Blacklist: Season 3: The Artax Network","9/23/17"
"Terrace House: Aloha State: Part 1: Terrace House in the Aloha State","9/23/17"
"F is for Family: Season 2: Landing the Plane","9/23/17"
"Grace and Frankie: Season 2: The Test","9/23/17"
"The Blacklist: Season 3: Cape May","9/23/17"
"Jerry Before Seinfeld","9/23/17"
"F is for Family: Season 2: Pray Away","9/22/17"
"The Blacklist: Season 3: Mr. Solomon (No. 32): The Conclusion","9/20/17"
"The Blacklist: Season 3: Mr. Solomon (No. 32)","9/20/17"
"The Blacklist: Season 3: The Caretaker (No. 78)","9/20/17"
"The Blacklist: Season 3: Drexel (No. 113)","9/20/17"
"The Blacklist: Season 3: Lady Ambrosia (No. 77)","9/20/17"
"Person of Interest: Pilot","9/20/17"
"The Blacklist: Season 3: Alistair Pitt (No. 103)","9/19/17"
"Family Guy: Season 7: Baby Not on Board","9/19/17"
"F is for Family: Season 2: F Is for Fixing It","9/19/17"
"F is for Family: Season 2: Fight Night","9/18/17"
"F is for Family: Season 2: This Is Not Good","9/18/17"
"F is for Family: Season 2: Breaking Bill","9/18/17"
"The Blacklist: Season 3: The Vehm (No. 132)","9/18/17"
"F is for Family: Season 2: Night Shift","9/18/17"
"F is for Family: Season 2: The Liar's Club","9/18/17"
"F is for Family: Season 2: A Girl Named Sue","9/18/17"
"F is for Family: Season 2: Heavy Sledding","9/18/17"
"F is for Family: Season 1: O Holy Moly Night","9/18/17"
"F is for Family: Season 1: Bill Murphy’s Day Off","9/18/17"
"F is for Family: Season 1: 'F' is for Halloween","9/18/17"
"F is for Family: Season 1: The Trough","9/17/17"
"F is for Family: Season 1: Saturday Bloody Saturday","9/17/17"
"F is for Family: Season 1: The Bleedin’ in Sweden","9/17/17"
"Dave Chappelle: Collection: Deep in the Heart of Texas: Dave Chappelle Live at Austin City Limits","9/17/17"
"The Blacklist: Season 3: Mr. Gregory Devry (No. 95)","9/17/17"
"The Blacklist: Season 3: The Director (No. 24): Conclusion","9/17/17"
"The Blacklist: Season 3: The Director (No. 24)","9/17/17"
"The Blacklist: Season 3: Kings Of The Highway (No. 108)","9/16/17"
"The Blacklist: Season 3: Zal Bin Hasaan (No. 31)","9/16/17"
"The Blacklist: Season 3: Sir Crispin Crandall (No. 86)","9/16/17"
"The Blacklist: Season 3: Arioch Cain (No. 50)","9/16/17"
"The Blacklist: Season 3: The Djinn (No. 43)","9/15/17"
"The Blacklist: Season 3: Eli Matchett (No. 72)","9/15/17"
"The Blacklist: Season 3: Marvin Gerard (No. 80)","9/15/17"
"The Blacklist: Season 3: The Troll Farmer (No. 38)","9/15/17"
"The Blacklist: Season 2: Tom Connolly (No. 11)","9/15/17"
"Family Guy: Season 7: Road to Germany","9/15/17"
"Family Guy: Season 7: I Dream of Jesus","9/15/17"
"Family Guy: Season 7: Love Blactually","9/15/17"
"Marvel's The Defenders: Limited Series: The H Word","9/15/17"
"The Blacklist: Season 2: Karakurt (No. 55)","9/14/17"
"The Blacklist: Season 2: Quon Zhang (No. 87)","9/14/17"
"The Blacklist: Season 2: Leonard Caul (No. 62)","9/13/17"
"The Blacklist: Season 2: Vanessa Cruz (No. 117)","9/13/17"
"The Blacklist: Season 2: The Longevity Initiative (No. 97)","9/13/17"
"The Blacklist: Season 2: Tom Keen (No. 7)","9/13/17"
"The Blacklist: Season 2: The Major (No. 75)","9/13/17"
"The Blacklist: Season 2: T. Earl King VI (No. 94)","9/12/17"
"The Blacklist: Season 2: The Deer Hunter (No. 93)","9/11/17"
"The Blacklist: Season 2: The Kenyon Family (No. 71)","9/11/17"
"The Blacklist: Season 2: Ruslan Denisov (No. 67)","9/11/17"
"The Blacklist: Season 2: Luther Braxton (No. 21): Conclusion","9/10/17"
"The Blacklist: Season 2: Luther Braxton (No. 21)","9/10/17"
"The Blacklist: Season 2: The Decembrist (No. 12)","9/10/17"
"The Blacklist: Season 2: The Scimitar (No. 22)","9/10/17"
"The Blacklist: Season 2: The Mombasa Cartel (No. 114)","9/5/17"
"The Blacklist: Season 2: The Front (No. 74)","9/4/17"
"The Blacklist: Season 2: Dr. Linus Creel (No. 82)","9/4/17"
"The Blacklist: Season 2: Dr. James Covington (No. 89)","9/4/17"
"The Blacklist: Season 2: Monarch Douglas Bank (No. 112)","9/4/17"
"The Blacklist: Season 2: Lord Baltimore (No. 104)","9/4/17"
"The Blacklist: Season 1: Berlin (No. 8): Conclusion","9/4/17"
"The Blacklist: Season 1: Berlin (No. 8)","9/3/17"
"The Blacklist: Season 1: The Kingmaker (No. 42)","9/3/17"
"The Blacklist: Season 1: The Pavlovich Brothers (No. 119-122)","9/3/17"
"The Blacklist: Season 1: Milton Bobbit (No. 135)","9/3/17"
"The Blacklist: Season 1: Ivan (No. 88)","9/3/17"
"The Blacklist: Season 1: Mako Tanida (No. 83)","9/3/17"
"The Blacklist: Season 1: The Judge (No. 57)","9/2/17"
"The Blacklist: Season 1: Madeline Pratt (No. 73)","9/2/17"
"The Blacklist: Season 1: The Cyprus Agency (No. 64)","9/2/17"
"The Blacklist: Season 1: The Alchemist (No. 101)","9/2/17"
"The Blacklist: Season 1: The Good Samaritan (No. 106)","9/2/17"
"The Blacklist: Season 1: Anslo Garrick (No. 16): Part 2","9/1/17"
"The Blacklist: Season 1: Anslo Garrick (No. 16): Part 1","9/1/17"
"The Blacklist: Season 1: General Ludd (No. 109)","9/1/17"
"The Blacklist: Season 1: Frederick Barnes (No. 47)","9/1/17"
"The Blacklist: Season 1: Gina Zanetakos (No. 152)","9/1/17"
"The Blacklist: Season 1: The Courier (No. 85)","9/1/17"
"The Blacklist: Season 1: The Stewmaker (No. 161)","8/31/17"
"The Blacklist: Season 1: Wujing (No. 84)","8/31/17"
"The Blacklist: Season 1: The Freelancer (No. 145)","8/31/17"
"The Blacklist: Season 1: Pilot","8/31/17"
"Death in Paradise: Death in Paradise","8/9/17"
"Ozark: Season 1: The Toll","8/8/17"
"Ozark: Season 1: Coffee, Black","8/7/17"
"Ozark: Season 1: Kaleidoscope","8/7/17"
"Ozark: Season 1: Nest Box","8/7/17"
"Ozark: Season 1: Book of Ruth","8/7/17"
"Ozark: Season 1: Ruling Days","8/7/17"
"Ozark: Season 1: Sugarwood","8/7/17"
"Sherlock: A Study in Pink","8/7/17"
"Wet Hot American Summer: Ten Years Later: Limited Series: Reunion","8/7/17"
"New Girl: Season 5: Landing Gear","8/1/17"
"New Girl: Season 5: Wedding Eve","8/1/17"
"New Girl: Season 5: Return to Sender","8/1/17"
"New Girl: Season 5: Dress","8/1/17"
"New Girl: Season 5: A Chill Day In","7/31/17"
"New Girl: Season 5: Road Trip","7/31/17"
"New Girl: Season 5: Helmet","7/31/17"
"New Girl: Season 5: Jeff Day","7/31/17"
"New Girl: Season 5: 300 Feet","7/31/17"
"New Girl: Season 5: Sam, Again","7/31/17"
"New Girl: Season 5: D-Day","7/30/17"
"New Girl: Season 5: The Apartment","7/30/17"
"New Girl: Season 5: Goosebumps Walkaway","7/30/17"
"New Girl: Season 5: Heat Wave","7/30/17"
"New Girl: Season 5: The Decision","7/30/17"
"New Girl: Season 5: Wig","7/29/17"
"New Girl: Season 5: Reagan","7/29/17"
"New Girl: Season 5: Bob & Carol & Nick & Schmidt","7/29/17"
"New Girl: Season 5: No Girl","7/29/17"
"New Girl: Season 5: Jury Duty","7/29/17"
"New Girl: Season 5: What About Fred","7/28/17"
"New Girl: Season 5: Big Mama P","7/28/17"
"New Girl: Season 4: Clean Break","7/27/17"
"New Girl: Season 4: Panty Gate","7/27/17"
"New Girl: Season 4: Par 5","7/27/17"
"New Girl: Season 4: The Right Thing","7/27/17"
"New Girl: Season 4: Walk of Shame","7/27/17"
"New Girl: Season 4: Spiderhunt","7/27/17"
"New Girl: Season 4: Oregon","7/27/17"
"New Girl: Season 4: The Crawl","7/27/17"
"New Girl: Season 4: Swuit","7/27/17"
"New Girl: Season 4: Coming Out","7/26/17"
"New Girl: Season 4: Shark","7/26/17"
"New Girl: Season 4: LAXmas","7/26/17"
"New Girl: Season 4: Girl Fight","7/25/17"
"New Girl: Season 4: Thanksgiving IV","7/25/17"
"New Girl: Season 4: Teachers","7/25/17"
"Bloodline: Season 1: Part 1","7/25/17"
"New Girl: Season 4: Goldmine","7/23/17"
"New Girl: Season 4: Background Check","7/23/17"
"New Girl: Season 4: Landline","7/23/17"
"New Girl: Season 4: Micro","7/23/17"
"New Girl: Season 4: Julie Berkman's Older Sister","7/23/17"
"New Girl: Season 4: Dice","7/23/17"
"New Girl: Season 4: The Last Wedding","7/22/17"
"New Girl: Season 3: Cruise","7/22/17"
"New Girl: Season 3: Dance","7/22/17"
"New Girl: Season 3: Big News","7/22/17"
"New Girl: Season 3: Mars Landing","7/22/17"
"New Girl: Season 3: Fired Up","7/22/17"
"New Girl: Season 3: Sister III","7/22/17"
"Friends from College: Season 1: Connecticut House","7/22/17"
"Friends from College: Season 1: Welcome to New York","7/22/17"
"New Girl: Season 3: Sister II","7/22/17"
"New Girl: Season 3: Sister","7/22/17"
"New Girl: Season 3: Exes","7/22/17"
"New Girl: Season 3: Prince","7/21/17"
"New Girl: Season 3: Birthday","7/21/17"
"New Girl: Season 3: Basketsball","7/21/17"
"New Girl: Season 3: Clavado En Un Bar","7/21/17"
"New Girl: Season 3: Thanksgiving III","7/21/17"
"New Girl: Season 3: Longest Night Ever","7/20/17"
"New Girl: Season 3: Menus","7/20/17"
"New Girl: Season 3: Coach","7/19/17"
"New Girl: Season 3: Keaton","7/19/17"
"New Girl: Season 3: The Box","7/19/17"
"New Girl: Season 3: The Captain","7/19/17"
"New Girl: Season 3: Double Date","7/19/17"
"New Girl: Season 3: Nerd","7/19/17"
"New Girl: Season 3: All In","7/19/17"
"New Girl: Season 2: Elaine's Big Day","7/18/17"
"New Girl: Season 2: Winston's Birthday","7/18/17"
"New Girl: Season 2: Virgins","7/18/17"
"New Girl: Season 2: Bachelorette Party","7/18/17"
"New Girl: Season 2: First Date","7/18/17"
"New Girl: Season 2: Chicago","7/18/17"
"New Girl: Season 2: Quick Hardening Caulk","7/18/17"
"New Girl: Season 2: Tinfinity","7/17/17"
"New Girl: Season 2: Parking Spot","7/17/17"
"New Girl: Season 2: Table 34","7/17/17"
"New Girl: Season 2: Cooler","7/17/17"
"New Girl: Season 2: Pepperwood","7/17/17"
"New Girl: Season 2: A Father's Love","7/17/17"
"New Girl: Season 2: Cabin","7/17/17"
"New Girl: Season 2: Santa","7/17/17"
"New Girl: Season 2: Bathtub","7/16/17"
"New Girl: Season 2: Eggs","7/16/17"
"New Girl: Season 2: Parents","7/16/17"
"New Girl: Season 2: Menzies","7/16/17"
"New Girl: Season 2: Halloween","7/16/17"
"New Girl: Season 2: Models","7/16/17"
"New Girl: Season 2: Neighbors","7/16/17"
"New Girl: Season 2: Fluffer","7/16/17"
"New Girl: Season 2: Katie","7/16/17"
"New Girl: Season 2: Re-Launch","7/16/17"
"New Girl: Season 1: See Ya","7/15/17"
"New Girl: Season 1: Backslide","7/15/17"
"New Girl: Season 1: Tomatoes","7/15/17"
"New Girl: Season 1: Kids","7/15/17"
"New Girl: Season 1: Normal","7/15/17"
"New Girl: Season 1: Secrets","7/15/17"
"New Girl: Season 1: Fancyman, Part 2","7/15/17"
"New Girl: Season 1: Fancyman, Part 1","7/15/17"
"New Girl: Season 1: Control","7/15/17"
"New Girl: Season 1: Injured","7/15/17"
"New Girl: Season 1: Bully","7/15/17"
"New Girl: Season 1: Valentine's Day","7/15/17"
"New Girl: Season 1: The Landlord","7/15/17"
"New Girl: Season 1: Jess and Julia","7/14/17"
"New Girl: Season 1: The Story of the 50","7/14/17"
"New Girl: Season 1: The 23rd","7/14/17"
"New Girl: Season 1: Bad in Bed","7/14/17"
"New Girl: Season 1: Bells","7/14/17"
"New Girl: Season 1: Thanksgiving","7/14/17"
"New Girl: Season 1: Cece Crashes","7/13/17"
"New Girl: Season 1: Naked","7/13/17"
"New Girl: Season 1: Wedding","7/13/17"
"New Girl: Season 1: Kryptonite","7/13/17"
"New Girl: Season 1: Pilot","7/13/17"
